Acacia Ridge (Brisbane City),32,0,0,0,0,0,0
Albany Creek (Pine Rivers Shire),29,0,0,0,4,0,0
Albion (Brisbane City),0,0,0,0,0,0,0
Alderley (Brisbane City),8,0,0,0,0,0,0
Alexandra Hills (Redland Shire),30,0,0,0,5,0,0
Algester (Brisbane City),21,0,0,0,0,0,0
Amberley (Ipswich City),0,0,0,0,0,0,0
Annerley (Brisbane City),24,0,0,0,3,0,0
Anstead (Brisbane City),0,0,0,0,0,0,0
Arana Hills (Pine Rivers Shire),9,0,0,0,0,0,0
Archerfield (Brisbane City),3,0,0,0,0,0,0
Ascot (Brisbane City),13,0,0,0,0,0,0
Ashgrove (Brisbane City),14,0,0,0,0,0,0
Aspley (Brisbane City),31,0,0,0,0,0,0
Auchenflower (Brisbane City),6,0,0,0,0,0,0
Bald Hills (Brisbane City),12,0,0,0,0,0,0
Balmoral (Brisbane City),5,0,0,0,0,0,0
Bannockburn (Gold Coast City),0,0,0,0,0,0,0
Banyo (Brisbane City),11,0,0,0,0,0,0
Bardon (Brisbane City),9,0,0,0,0,0,0
Barellan Point (Ipswich City),4,0,0,0,0,0,0
Basin Pocket (Ipswich City),9,0,0,0,0,0,0
Beenleigh (Gold Coast City),15,0,0,0,4,0,0
Bellbird Park (Ipswich City),9,0,0,0,0,0,0
Bellbowrie (Brisbane City),11,0,0,0,0,0,0
Bellmere (Caboolture Shire),10,0,0,0,0,0,0
Belmont (Brisbane City),6,0,0,0,0,0,0
Berrinba (Logan City),0,0,0,0,0,0,0
Bethania (Gold Coast City),7,0,0,0,3,0,0
Birkdale (Redland Shire),26,0,0,0,0,0,3
Blackstone (Ipswich City),0,0,0,0,0,0,0
Boondall (Brisbane City),28,0,0,0,6,0,0
Booval (Ipswich City),8,0,0,0,0,0,0
Boronia Heights (Logan City),16,0,0,0,5,0,0
Bowen Hills (Brisbane City),4,0,0,0,0,0,0
Bracken Ridge (Brisbane City),35,0,0,0,3,0,0
Brassall (Ipswich City),37,0,0,0,0,0,0
Bray Park (Pine Rivers Shire),18,0,0,0,0,0,0
Brendale (Pine Rivers Shire),4,0,0,0,0,0,0
Bridgeman Downs (Brisbane City),12,0,0,0,3,0,0
Brighton (Brisbane City),21,0,3,0,3,0,0
Brookfield (Brisbane City),3,0,0,0,0,0,0
Browns Plains (Logan City),20,0,0,0,3,0,0
Bulimba (Brisbane City),3,0,0,0,0,0,3
Bundamba (Ipswich City),8,0,0,0,0,0,0
Bunya (Pine Rivers Shire),0,0,0,0,0,0,0
Burpengary (Caboolture Shire),27,0,0,0,0,0,0
Caboolture South (Caboolture Shire),21,0,0,0,0,0,0
Caboolture (Caboolture Shire),50,0,0,0,3,0,4
Calamvale (Brisbane City),23,0,0,0,0,0,0
Camira (Ipswich City),8,0,0,0,8,0,4
Camp Hill (Brisbane City),23,0,0,0,0,0,0
Cannon Hill (Brisbane City),7,0,0,0,3,0,0
Capalaba West (Brisbane City),0,0,0,0,0,0,0
Capalaba (Redland Shire),43,0,0,0,5,0,3
Carina Heights (Brisbane City),6,0,0,0,0,0,0
Carina (Brisbane City),18,0,0,0,0,0,3
Carindale (Brisbane City),34,0,0,0,0,0,0
Carole Park (Brisbane City),11,0,0,0,0,0,0
Carole Park (Ipswich City),0,0,0,0,0,0,0
Carseldine (Brisbane City),24,0,0,0,0,0,0
Cashmere (Pine Rivers Shire),0,0,0,0,0,0,0
Chandler (Brisbane City),0,0,0,0,0,0,0
Chapel Hill (Brisbane City),11,0,0,0,0,0,0
Chelmer (Brisbane City),9,0,0,0,0,0,3
Chermside West (Brisbane City),12,0,0,0,0,0,0
Chermside (Brisbane City),21,0,0,0,3,0,0
Churchill (Ipswich City),4,0,0,0,3,0,0
Chuwar (Ipswich City),0,0,0,0,0,0,0
City (Brisbane City),16,0,0,0,0,0,0
Clayfield (Brisbane City),20,0,0,0,0,0,0
Cleveland (Redland Shire),42,0,0,0,0,0,5
Clontarf (Redcliffe City),29,0,0,0,3,0,3
Coalfalls (Ipswich City),3,0,0,0,0,0,3
Collingwood Park (Ipswich City),11,0,0,0,3,0,0
Coopers Plains (Brisbane City),8,0,0,0,0,0,0
Coorparoo (Brisbane City),23,0,0,0,3,0,0
Corinda (Brisbane City),4,0,0,0,4,0,0
Cornubia (Logan City),3,0,0,0,0,0,0
Crestmead (Logan City),33,0,0,0,6,0,0
Daisy Hill (Logan City),14,0,0,0,4,0,3
Dakabin (Pine Rivers Shire),0,0,0,0,0,0,0
Darra (Brisbane City),19,0,0,0,0,0,0
Deagon (Brisbane City),9,0,0,0,0,0,0
Deception Bay (Caboolture Shire),37,0,0,0,5,0,3
Dinmore (Ipswich City),5,0,0,0,0,0,0
Doolandella (Brisbane City),5,0,0,0,0,0,0
Drewvale (Brisbane City),7,0,0,0,3,0,0
Durack (Brisbane City),22,0,0,0,0,0,3
Dutton Park (Brisbane City),8,0,0,0,0,0,0
Eagle Farm (Brisbane City),0,0,0,0,0,0,0
Eagleby (Gold Coast City),27,0,0,0,3,0,0
East Brisbane (Brisbane City),8,0,0,0,0,0,0
East Ipswich (Ipswich City),10,0,0,0,0,0,0
Eastern Heights (Ipswich City),10,0,0,0,0,0,0
Eatons Hill (Pine Rivers Shire),10,0,0,0,0,0,3
Ebbw Vale (Ipswich City),8,0,0,0,0,0,0
Edens Landing (Gold Coast City),27,0,0,0,0,0,0
Eight Mile Plains (Brisbane City),36,0,0,0,0,5,0
Elimbah (Caboolture Shire),0,0,0,0,0,0,0
Ellen Grove (Brisbane City),5,0,0,0,0,0,0
Enoggera (Brisbane City),10,0,0,0,4,0,0
Everton Hills (Pine Rivers Shire),10,0,0,0,4,0,0
Everton Park (Brisbane City),9,0,0,0,3,0,0
Fairfield (Brisbane City),7,0,0,0,0,0,0
Ferny Grove (Brisbane City),5,0,0,0,3,0,0
Ferny Hills (Pine Rivers Shire),17,0,0,0,0,0,0
Fig Tree Pocket (Brisbane City),9,0,0,0,0,0,0
Fitzgibbon (Brisbane City),0,0,0,0,0,0,0
Flinders View (Ipswich City),6,0,0,0,0,0,0
Forest Lake (Brisbane City),37,0,0,0,10,0,0
Forestdale (Logan City),3,0,0,0,0,0,0
Fortitude Valley (Brisbane City),6,0,0,0,0,0,0
Gailes (Ipswich City),6,0,0,0,0,0,0
Gaythorne (Brisbane City),9,0,0,0,0,0,0
Geebung (Brisbane City),12,0,0,0,0,0,4
Goodna (Ipswich City),41,0,0,0,5,0,0
Gordon Park (Brisbane City),9,0,0,0,0,0,0
Graceville (Brisbane City),7,0,0,0,0,0,0
Grange (Brisbane City),4,0,0,0,0,0,0
Greenbank (Logan City),10,0,0,0,0,0,0
Greenslopes (Brisbane City),21,0,0,0,4,0,0
Griffin (Pine Rivers Shire),3,0,0,0,0,0,0
Gumdale (Brisbane City),0,0,0,0,0,0,0
Hamilton (Brisbane City),6,0,0,0,0,0,0
Hawthorne (Brisbane City),3,0,0,0,0,0,0
Heathwood (Brisbane City),0,0,0,0,0,0,0
Hemmant (Brisbane City),4,0,0,0,0,0,0
Hendra (Brisbane City),8,0,0,0,0,0,0
Heritage Park (Logan City),12,0,0,0,0,0,0
Herston (Brisbane City),3,0,0,0,3,0,0
Highgate Hill (Brisbane City),11,0,0,0,3,0,0
Hillcrest (Logan City),17,0,0,0,0,0,0
Holland Park West (Brisbane City),18,0,0,0,3,0,0
Holland Park (Brisbane City),19,0,0,0,0,0,0
Holmview (Gold Coast City),5,0,0,0,0,0,0
Inala (Brisbane City),40,0,0,0,11,0,0
Indooroopilly (Brisbane City),13,0,0,0,0,0,0
Ipswich (Ipswich City),8,0,0,0,0,0,0
Jamboree Heights (Brisbane City),4,0,0,0,0,0,0
Jindalee (Brisbane City),17,0,0,0,3,0,0
Joyner (Pine Rivers Shire),3,0,0,0,0,0,0
Kallangur (Pine Rivers Shire),45,0,0,0,4,0,0
Kangaroo Point (Brisbane City),10,0,0,0,0,0,0
Karalee (Ipswich City),7,0,0,0,0,0,0
Karana Downs (Brisbane City),3,0,0,0,0,0,0
Karawatha (Brisbane City),0,0,0,0,0,0,0
Kedron (Brisbane City),18,0,0,0,3,0,0
Kelvin Grove (Brisbane City),9,0,0,0,0,0,0
Kenmore Hills (Brisbane City),9,0,0,0,0,0,0
Kenmore (Brisbane City),5,0,0,0,0,0,0
Keperra (Brisbane City),17,0,0,0,3,0,0
Kingston (Logan City),59,0,0,0,4,0,3
Kippa-ring (Redcliffe City),22,0,0,0,4,0,3
Kuraby (Brisbane City),22,0,0,0,3,0,0
Larapinta (Brisbane City),0,0,0,0,0,0,0
Lawnton (Pine Rivers Shire),12,0,0,0,0,0,0
Leichhardt (Ipswich City),7,0,0,0,0,0,0
Logan Central (Logan City),26,0,0,0,0,0,0
Loganholme (Logan City),17,0,0,0,0,0,6
Loganlea (Logan City),11,0,0,0,4,0,4
Lota (Brisbane City),3,0,0,0,3,0,0
Lutwyche (Brisbane City),7,0,0,0,0,0,0
Lytton (Brisbane City),0,0,0,0,0,0,0
Macgregor (Brisbane City),18,0,0,0,3,0,0
Mackenzie (Brisbane City),7,0,0,0,0,0,0
Mango Hill (Pine Rivers Shire),17,0,0,0,0,0,3
Manly West (Brisbane City),28,0,0,0,0,0,0
Manly (Brisbane City),11,0,0,0,0,0,0
Mansfield (Brisbane City),13,0,0,0,0,0,0
Margate (Redcliffe City),23,0,0,0,7,0,0
Marsden (Logan City),31,0,0,0,5,0,0
McDowall (Brisbane City),13,0,0,0,0,0,0
Meadowbrook (Logan City),7,0,0,0,0,0,0
Middle Park (Brisbane City),7,0,0,0,0,0,0
Milton (Brisbane City),3,0,0,0,0,0,0
Mitchelton (Brisbane City),13,0,0,0,6,0,0
Moores Pocket (Ipswich City),3,0,0,0,0,0,0
Moorooka (Brisbane City),17,0,0,0,5,0,3
Morayfield (Caboolture Shire),51,0,0,0,0,0,0
Morningside (Brisbane City),18,0,0,0,0,0,3
Mount Gravatt East (Brisbane City),33,0,0,0,3,0,0
Mount Gravatt (Brisbane City),7,0,0,0,0,0,3
Mount Ommaney (Brisbane City),6,0,0,0,0,0,0
Mount Warren Park (Gold Coast City),18,0,0,0,3,0,0
Munruben (Beaudesert Shire),9,0,0,0,0,0,0
Murarrie (Brisbane City),12,0,0,0,0,0,0
Murrumba Downs (Pine Rivers Shire),16,0,0,0,0,0,0
Narangba (Caboolture Shire),32,0,0,0,0,0,0
Nathan (Brisbane City),0,0,0,0,0,0,0
New Farm (Brisbane City),21,0,0,0,3,0,0
Newmarket (Brisbane City),3,0,0,0,0,0,0
Newstead (Brisbane City),3,0,0,0,0,0,0
Newtown (Ipswich City),5,0,0,0,0,0,0
Norman Park (Brisbane City),18,0,0,0,0,0,0
North Booval (Ipswich City),5,0,0,0,3,0,0
North Ipswich (Ipswich City),5,0,0,0,0,0,0
North Tivoli (Ipswich City),0,0,0,0,0,0,0
Northgate (Brisbane City),8,0,0,0,0,0,0
Nudgee Beach (Brisbane City),0,0,0,0,0,0,0
Nudgee (Brisbane City),7,0,0,0,0,0,0
Nundah (Brisbane City),26,0,0,0,0,0,0
One Mile (Ipswich City),4,0,0,0,0,0,0
Ormeau Hills (Gold Coast City),6,0,0,0,0,0,0
Ormeau (Gold Coast City),20,0,0,0,0,0,0
Ormiston (Redland Shire),9,0,0,0,0,0,3
Oxley (Brisbane City),17,0,0,0,0,0,0
Paddington (Brisbane City),11,0,0,0,0,0,0
Pallara (Brisbane City),0,0,0,0,0,0,0
Park Ridge South (Beaudesert Shire),7,0,0,0,0,0,0
Park Ridge (Logan City),4,0,0,0,0,0,0
Parkinson (Brisbane City),23,0,0,0,0,0,0
Petrie (Pine Rivers Shire),17,0,0,0,0,0,3
Pimpama (Gold Coast City),5,0,0,0,0,0,0
Pinkenba (Brisbane City),0,0,0,0,0,0,0
Raceview (Ipswich City),17,0,0,0,0,0,0
Ransome (Brisbane City),3,0,0,0,0,0,0
Red Hill (Brisbane City),8,0,0,0,0,0,0
Redbank Plains (Ipswich City),34,0,0,0,4,0,0
Redbank (Ipswich City),3,0,0,0,0,0,0
Redcliffe (Redcliffe City),25,0,0,0,5,0,0
Redland Bay (Redland Shire),17,0,0,0,3,0,0
Regents Park (Logan City),11,0,0,0,0,0,3
Richlands (Brisbane City),0,0,0,0,3,0,0
Ripley (Ipswich City),3,0,0,0,3,0,0
Riverhills (Brisbane City),8,0,0,0,0,0,0
Riverview (Ipswich City),7,0,0,0,3,0,0
Robertson (Brisbane City),14,0,0,0,0,0,0
Rochedale South (Logan City),21,0,0,0,3,0,0
Rocklea (Brisbane City),7,0,0,0,3,0,0
Rothwell (Redcliffe City),4,0,0,0,0,0,0
Runcorn (Brisbane City),46,0,0,0,6,0,0
Sadliers Crossing (Ipswich City),3,0,0,0,0,0,0
Salisbury (Brisbane City),19,0,0,0,0,0,0
Sandgate (Brisbane City),5,0,0,0,0,0,0
Scarborough (Redcliffe City),35,0,0,0,0,0,7
Seven Hills (Brisbane City),5,0,0,0,0,0,0
Seventeen Mile Rocks (Brisbane City),3,0,0,0,0,0,0
Shailer Park (Logan City),35,0,0,0,0,0,3
Sherwood (Brisbane City),14,0,0,0,3,0,0
Shorncliffe (Brisbane City),7,0,0,0,3,0,0
Silkstone (Ipswich City),16,0,0,0,0,0,0
Sinnamon Park (Brisbane City),10,0,0,0,0,0,0
Slacks Creek (Logan City),20,0,0,0,3,0,0
South Brisbane (Brisbane City),4,0,0,0,0,0,0
Spring Hill (Brisbane City),13,0,0,0,0,0,0
Springfield (Ipswich City),6,0,0,0,3,0,0
Springwood (Logan City),17,0,0,0,3,0,3
St Lucia (Brisbane City),18,0,0,0,0,0,0
Stafford Heights (Brisbane City),6,0,0,0,0,0,0
Stafford (Brisbane City),12,0,0,0,0,0,0
Strathpine (Pine Rivers Shire),34,0,0,0,0,0,0
Stretton (Brisbane City),15,0,0,0,0,0,3
Sumner (Brisbane City),0,0,0,0,0,0,0
Sunnybank Hills (Brisbane City),53,0,0,0,9,0,0
Sunnybank (Brisbane City),33,0,0,0,4,0,4
Taigum (Brisbane City),12,0,0,0,3,0,0
Tanah Merah (Logan City),9,0,0,0,0,0,0
Taringa (Brisbane City),9,0,0,0,0,0,0
Tarragindi (Brisbane City),17,0,0,0,3,0,0
Tennyson (Brisbane City),0,0,0,0,0,0,0
The Gap (Brisbane City),43,0,0,0,3,0,0
Thorneside (Redland Shire),10,0,0,0,0,0,0
Thornlands (Redland Shire),19,0,0,0,0,0,0
Tingalpa (Brisbane City),18,0,0,0,0,0,0
Tivoli (Ipswich City),4,0,0,0,0,0,0
Toowong (Brisbane City),27,0,0,0,0,0,0
Underwood (Logan City),6,0,0,0,0,0,0
Upper Caboolture (Caboolture Shire),8,0,0,0,0,0,0
Upper Kedron (Brisbane City),0,0,0,0,0,0,0
Upper Mount Gravatt (Brisbane City),9,0,0,0,6,0,0
Victoria Point (Redland Shire),42,0,0,0,0,0,3
Virginia (Brisbane City),3,0,0,0,0,0,0
Wacol (Brisbane City),0,0,0,0,0,0,0
Wakerley (Brisbane City),12,0,0,0,0,0,0
Walloon (Ipswich City),0,0,0,0,0,0,0
Warner (Pine Rivers Shire),20,0,0,0,0,0,0
Waterford West (Logan City),12,0,0,0,0,0,0
Waterford (Gold Coast City),0,0,0,0,0,0,0
Wavell Heights (Brisbane City),16,0,0,0,0,0,0
Wellington Point (Redland Shire),22,0,0,0,0,0,0
West End (Brisbane City),12,0,0,0,4,0,0
West Ipswich (Ipswich City),3,0,0,0,0,0,0
Westlake (Brisbane City),7,0,0,0,3,0,0
Willawong (Brisbane City),0,0,0,0,0,0,0
Wilston (Brisbane City),7,0,0,0,0,0,0
Windaroo (Gold Coast City),9,0,0,0,0,0,0
Windsor (Brisbane City),13,0,0,0,0,0,0
Wishart (Brisbane City),15,0,0,0,0,0,0
Woodend (Ipswich City),4,0,0,0,0,0,0
Woodridge (Logan City),38,0,0,0,6,0,3
Woody Point (Redcliffe City),15,0,0,0,0,0,0
Woolloongabba (Brisbane City),11,0,0,0,0,0,0
Wooloowin (Brisbane City),10,0,0,0,4,0,0
Wynnum West (Brisbane City),22,0,0,0,3,0,3
Wynnum (Brisbane City),28,0,0,0,4,0,3
Yamanto (Ipswich City),11,0,0,0,0,0,0
Yatala (Gold Coast City),5,0,0,0,0,0,0
Yeerongpilly (Brisbane City),0,0,0,0,0,0,0
Yeronga (Brisbane City),14,0,0,0,0,0,3
Zillmere (Brisbane City),21,0,0,0,3,0,0
Arundel (Gold Coast City),29,0,0,0,3,0,0
Ashmore (Gold Coast City),30,0,0,0,3,0,3
Benowa (Gold Coast City),24,0,0,0,5,0,3
Biggera Waters (Gold Coast City),20,0,0,0,0,0,0
Bilinga (Gold Coast City),4,0,0,0,0,0,0
Bonogin (Gold Coast City),3,0,0,0,0,0,0
Broadbeach Waters (Gold Coast City),23,0,0,0,3,0,0
Broadbeach (Gold Coast City),11,0,0,0,0,0,0
Bundall (Gold Coast City),8,0,0,0,3,0,0
Burleigh Heads (Gold Coast City),12,0,0,0,3,0,0
Burleigh Waters (Gold Coast City),31,0,0,0,0,0,3
Carrara (Gold Coast City),27,0,0,0,0,0,3
Clear Island Waters (Gold Coast City),13,0,0,0,0,0,0
Coolangatta (Gold Coast City),20,0,0,0,0,0,0
Coombabah (Gold Coast City),26,0,0,0,0,0,0
Coomera (Gold Coast City),6,0,0,0,0,0,0
Currumbin Waters (Gold Coast City),28,0,0,0,0,0,0
Currumbin (Gold Coast City),3,0,0,0,0,0,0
Elanora (Gold Coast City),31,0,0,0,0,0,0
Helensvale (Gold Coast City),36,0,0,0,4,0,5
Highland Park (Gold Coast City),19,0,0,0,3,0,0
Hollywell (Gold Coast City),5,0,0,0,3,0,3
Hope Island (Gold Coast City),12,0,0,0,0,0,0
Labrador (Gold Coast City),54,0,0,0,3,0,3
Main Beach (Gold Coast City),8,0,0,0,0,0,0
Mermaid Beach (Gold Coast City),11,0,0,0,0,0,4
Mermaid Waters (Gold Coast City),36,0,0,0,0,0,3
Merrimac (Gold Coast City),15,0,0,0,0,0,0
Miami (Gold Coast City),14,0,0,0,0,0,0
Molendinar (Gold Coast City),21,0,0,0,0,0,0
Mudgeeraba (Gold Coast City),19,0,0,0,0,0,3
Nerang (Gold Coast City),61,0,0,0,6,0,0
Oxenford (Gold Coast City),27,0,0,0,3,0,3
Pacific Pines (Gold Coast City),18,0,0,0,0,0,0
Palm Beach (Gold Coast City),36,0,0,0,0,0,3
Paradise Point (Gold Coast City),13,0,0,0,0,0,0
Parkwood (Gold Coast City),24,0,0,0,0,0,0
Reedy Creek (Gold Coast City),19,0,0,0,0,0,0
Robina (Gold Coast City),42,0,0,0,0,0,3
Runaway Bay (Gold Coast City),20,0,0,0,3,0,0
Southport (Gold Coast City),72,0,0,0,3,0,5
Surfers Paradise (Gold Coast City),60,0,0,0,0,0,3
Tallai (Gold Coast City),4,0,0,0,0,0,0
Tallebudgera Valley (Gold Coast City),3,0,0,0,0,0,0
Tallebudgera (Gold Coast City),4,0,0,0,0,0,0
Tugun (Gold Coast City),16,0,0,0,0,0,3
Upper Coomera (Gold Coast City),24,0,0,0,0,0,0
Varsity Lakes (Gold Coast City),30,0,0,0,0,0,0
Worongary (Gold Coast City),16,0,0,0,0,0,0
Alexandra Headland (Maroochy Shire),8,0,0,0,0,0,0
Aroona (Caloundra City),4,0,0,0,0,0,0
Battery Hill (Caloundra City),4,0,0,0,0,0,3
Bli Bli (Maroochy Shire),14,0,0,0,0,0,3
Bokarina (Caloundra City),4,0,0,0,0,0,0
Buddina (Caloundra City),11,0,0,0,0,0,0
Buderim (Maroochy Shire),50,0,0,0,0,0,3
Caloundra West (Caloundra City),4,0,0,0,0,0,0
Caloundra (Caloundra City),11,0,0,0,0,0,0
Castaways Beach (Noosa Shire),0,0,0,0,0,0,0
Coolum Beach (Maroochy Shire),22,0,0,0,3,0,0
Currimundi (Caloundra City),12,0,0,0,0,0,3
Dicky Beach (Caloundra City),4,0,0,0,0,0,0
Golden Beach (Caloundra City),11,0,0,0,0,0,0
Kings Beach (Caloundra City),6,0,0,0,0,0,3
Kuluin (Maroochy Shire),10,0,0,0,0,0,0
Kunda Park (Maroochy Shire),0,0,0,0,0,0,0
Little Mountain (Caloundra City),15,0,0,0,0,0,5
Marcoola (Maroochy Shire),9,0,0,0,0,0,0
Marcus Beach (Noosa Shire),0,0,0,0,0,0,0
Maroochydore (Maroochy Shire),52,0,0,0,0,0,0
Minyama (Caloundra City),3,0,0,0,0,0,0
Moffat Beach (Caloundra City),4,0,0,0,0,0,0
Mons (Maroochy Shire),5,0,0,0,0,0,0
Mooloolaba (Maroochy Shire),12,0,0,0,0,0,4
Mount Coolum (Maroochy Shire),4,0,5,0,0,0,3
Mountain Creek (Maroochy Shire),19,0,0,0,3,0,0
Mudjimba (Maroochy Shire),0,0,0,0,0,0,0
Noosa Heads (Noosa Shire),8,0,0,0,0,0,0
Noosaville (Noosa Shire),14,0,0,0,0,0,0
Pacific Paradise (Maroochy Shire),6,0,0,0,0,0,0
Parrearra (Caloundra City),4,0,0,0,0,0,0
Pelican Waters (Caloundra City),3,0,0,0,0,0,0
Peregian Beach (Maroochy Shire),0,0,0,0,0,0,0
Peregian Beach (Noosa Shire),0,0,0,0,0,0,0
Point Arkwright (Maroochy Shire),0,0,0,0,0,0,0
Shelly Beach (Caloundra City),0,0,0,0,0,0,0
Sippy Downs (Maroochy Shire),6,0,0,0,0,0,3
Sunrise Beach (Noosa Shire),8,0,0,0,0,0,0
Sunshine Beach (Noosa Shire),8,0,0,0,0,0,0
Tanawha (Maroochy Shire),3,0,0,0,0,0,0
Tewantin (Noosa Shire),21,0,0,0,3,0,0
Twin Waters (Maroochy Shire),4,0,0,0,0,0,0
Warana (Caloundra City),0,0,0,0,5,0,0
Wurtulla (Caloundra City),14,0,0,0,0,0,0
Yaroomba (Maroochy Shire),0,0,0,0,0,0,0
Aitkenvale (Townsville City),11,0,0,0,0,0,0
Annandale (Townsville City),30,0,0,0,0,0,0
Belgian Gardens (Townsville City),3,0,0,0,0,0,0
Castle Hill (Townsville City),0,0,0,0,0,0,0
Cluden (Townsville City),3,0,0,0,0,0,0
Condon (Thuringowa City),17,0,0,0,0,0,3
Cranbrook (Townsville City),16,0,0,0,0,0,0
Currajong (Townsville City),8,0,0,0,0,0,0
Douglas (Townsville City),11,0,0,0,3,0,3
Garbutt (Townsville City),8,0,0,0,0,0,0
Gulliver (Townsville City),6,0,0,0,0,0,0
Heatley (Townsville City),12,0,0,0,0,0,0
Hermit Park (Townsville City),12,0,0,0,0,0,0
Hyde Park (Townsville City),3,0,0,0,0,0,0
Idalia (Townsville City),3,0,0,0,0,0,0
Kelso (Thuringowa City),21,0,0,0,0,0,0
Kirwan (Thuringowa City),54,0,0,0,3,0,4
Mount Louisa (Townsville City),9,0,0,0,0,0,0
Mount Stuart (Townsville City),3,0,0,0,3,0,0
Mundingburra (Townsville City),8,0,0,0,0,0,0
Mysterton (Townsville City),5,0,0,0,0,0,0
North Ward (Townsville City),11,0,0,0,4,0,0
Oonoonba (Townsville City),8,0,0,0,3,0,0
Pimlico (Townsville City),6,0,0,0,0,0,0
Railway Estate (Townsville City),5,0,0,0,3,0,0
Rasmussen (Thuringowa City),15,0,0,0,0,0,0
Rosslea (Townsville City),3,0,0,0,0,0,3
Rowes Bay (Townsville City),0,0,0,0,0,0,0
South Townsville (Townsville City),4,0,0,0,0,0,0
Stuart (Townsville City),0,0,0,0,0,0,0
Thuringowa Central (Thuringowa City),4,0,0,0,0,0,0
Townsville City (Townsville City),3,0,0,0,0,0,0
Vincent (Townsville City),7,0,0,0,0,0,0
West End (Townsville City),3,0,0,0,4,0,3
Wulguru (Townsville City),14,0,0,0,4,0,0
Abbeywood (Wondai Shire),0,0,0,0,0,0,0
Abercorn (Eidsvold Shire),0,0,0,0,0,0,0
Abergowrie (Hinchinbrook Shire),4,0,0,0,0,0,0
Acland (Rosalie Shire),0,0,0,0,0,0,0
Adare (Gatton Shire),0,0,0,0,0,0,0
Adavale (Quilpie Shire),0,0,0,0,0,0,0
Adelaide Park (Livingstone Shire),0,0,0,0,0,0,0
Advancetown (Gold Coast City),0,0,0,0,0,0,0
Aeroglen (Cairns City),0,0,0,0,0,0,0
Agnes Water (Miriam Vale Shire),3,0,0,0,0,0,0
Airdmillan (Burdekin Shire),0,0,0,0,0,0,0
Airlie Beach (Whitsunday Shire),0,0,0,0,0,0,0
Airville (Burdekin Shire),0,0,0,0,0,0,0
Alberta (Banana Shire),0,0,0,0,0,0,0
Alberton (Gold Coast City),5,0,0,0,0,0,0
Albion (Richmond Shire),0,0,0,0,0,0,0
Aldershot (Hervey Bay City),4,0,0,0,0,0,0
Aldershot (Maryborough City),0,0,0,0,0,0,0
Alice Creek (Kingaroy Shire),0,0,0,0,0,0,0
Alice River (Thuringowa City),5,0,0,0,0,0,0
Allenstown (Rockhampton City),3,0,0,0,0,0,0
Alligator Creek (Sarina Shire),0,0,0,0,0,0,0
Alligator Creek (Townsville City),11,0,0,0,0,0,0
Allora (Warwick Shire),0,0,0,0,0,0,0
Alloway (Burnett Shire),0,0,0,0,0,0,0
Aloomba (Cairns City),0,0,0,0,0,0,0
Alpha (Jericho Shire),0,0,0,0,0,0,0
Alton Downs (Fitzroy Shire),7,0,0,0,0,0,0
Alva (Burdekin Shire),0,0,0,0,3,0,0
Amamoor (Cooloola Shire),3,0,0,0,0,0,0
Ambrose (Calliope Shire),0,0,0,0,0,0,0
Amiens (Stanthorpe Shire),0,0,7,0,0,0,0
Amity (Redland Shire),0,0,0,0,0,0,0
Andergrove (Mackay City),13,0,0,0,3,0,0
Anderleigh (Tiaro Shire),0,0,0,0,0,0,0
Anstead (Brisbane City - Bal),3,0,0,0,0,0,0
Apple Tree Creek (Isis Shire),0,0,0,0,0,0,0
Applethorpe (Stanthorpe Shire),4,0,0,0,0,0,0
Araluen (Cooloola Shire),4,0,0,0,0,0,0
Aramac (Aramac Shire),3,0,0,0,0,0,0
Aratula (Boonah Shire),0,0,0,0,0,0,0
Arbouin (Mareeba Shire),0,0,0,0,0,0,0
Arcadia Valley (Bauhinia Shire),3,0,0,0,0,0,0
Arcadia (Townsville City),0,0,0,0,0,0,0
Arcturus (Bauhinia Shire),0,0,0,0,0,0,0
Armstrong Beach (Sarina Shire),4,0,0,0,0,0,0
Arriga (Mareeba Shire),5,0,0,0,0,0,0
Ascot (Cambooya Shire),0,0,0,0,0,0,0
Atherton (Atherton Shire),24,0,5,0,0,0,5
Aubigny (Jondaryan Shire),6,0,0,0,0,0,0
Augathella (Murweh Shire),0,0,0,0,3,0,0
Augustine Heights (Ipswich City),0,0,0,0,0,0,0
Aurukun (Aurukun Shire),0,0,0,0,0,0,0
Austinville (Gold Coast City),3,0,0,0,0,0,0
Avenell Heights (Bundaberg City),13,0,0,0,0,0,0
Avoca (Bundaberg City),9,0,0,0,0,0,3
Avondale (Burnett Shire),8,0,0,0,0,0,0
Ayr (Burdekin Shire),15,0,5,0,4,0,0
Babinda (Cairns City),4,0,0,0,0,0,0
Back Plains (Clifton Shire),0,0,0,0,0,0,0
Badu Island (Badu Island),3,0,0,0,0,0,0
Bahrs Scrub (Gold Coast City),3,0,0,0,0,0,0
Bajool (Fitzroy Shire),0,0,0,0,0,0,0
Bakers Bend (Murweh Shire),0,0,0,0,0,0,0
Bakers Creek (Mackay City),4,0,0,0,0,0,0
Baking Board (Chinchilla Shire),0,0,0,0,0,0,0
Balberra (Mackay City),3,0,0,0,0,0,0
Balgal Beach (Thuringowa City),0,0,0,0,0,0,0
Ball Bay (Mackay City),5,0,0,0,0,0,0
Ballandean (Stanthorpe Shire),0,0,0,0,0,0,0
Ballard (Gatton Shire),4,0,0,0,0,0,0
Ballogie (Wondai Shire),0,0,0,0,0,0,0
Balmoral Ridge (Caloundra City),3,0,0,0,0,0,0
Bamaga (Bamaga Island),6,0,0,0,0,0,0
Bambaroo (Hinchinbrook Shire),0,0,0,0,0,0,0
Ban Ban (Gayndah Shire),0,0,0,0,0,0,0
Banana (Banana Shire),3,0,0,0,0,0,0
Bancroft (Monto Shire),3,0,3,0,0,0,0
Bangalee (Livingstone Shire),0,0,0,0,0,0,0
Banksia Beach (Caboolture Shire),10,0,0,0,0,0,0
Baralaba (Banana Shire),3,0,0,0,0,0,0
Barambah (Kilkivan Shire),0,0,0,0,0,0,0
Barcaldine (Barcaldine Shire),3,0,0,0,0,0,0
Bargara (Burnett Shire),12,0,0,0,3,0,0
Bargunyah (Booringa Shire),0,0,0,0,0,0,0
Barlows Hill (Livingstone Shire),0,0,0,0,0,0,0
Barmaryee (Livingstone Shire),0,0,0,0,0,0,0
Barmoya (Livingstone Shire),0,0,0,0,0,0,0
Barney Point (Gladstone City),3,0,0,0,0,0,0
Barney View (Beaudesert Shire),0,0,0,0,0,0,0
Barrine (Atherton Shire),0,0,0,0,0,0,0
Barron Gorge (Cairns City),0,0,0,0,0,0,0
Barron (Cairns City),0,0,0,0,0,0,0
Basalt (Dalrymple Shire),0,0,0,0,0,0,0
Bauhinia (Duaringa Shire),0,0,0,0,0,0,0
Bauhinia (Woorabinda Shire),0,0,0,0,0,0,0
Bauple (Tiaro Shire),0,0,0,0,3,0,0
Bayview Heights (Cairns City),10,0,0,0,0,0,0
Beach Holm (Thuringowa City),0,0,0,0,0,0,0
Beachmere (Caboolture Shire),7,0,0,0,0,0,0
Beachmere (Caboolture Shire - Bal),3,0,0,0,0,0,0
Beaconsfield (Mackay City),6,0,0,5,3,0,4
Beatrice (Eacham Shire),0,0,0,0,0,0,0
Beaudesert (Beaudesert Shire),20,0,0,0,0,0,0
Bedourie (Diamantina Shire),0,0,0,0,0,0,0
Beecher (Calliope Shire),3,0,0,0,0,0,0
Beechmont (Beaudesert Shire),0,0,0,0,0,0,0
Beerburrum (Caloundra City),0,0,0,0,0,0,0
Beerwah (Caloundra City),10,0,0,0,3,0,0
Belivah (Gold Coast City),0,0,0,0,0,0,0
Bell (Wambo Shire),0,0,0,0,0,0,0
Bellara (Caboolture Shire),9,0,0,0,0,0,0
Belli Park (Maroochy Shire),4,0,0,0,0,0,0
Bellmere (Caboolture Shire - Bal),3,0,0,0,0,0,0
Bells Creek (Caloundra City),0,0,0,0,0,0,0
Belmont (Brisbane City - Bal),0,0,0,0,0,0,0
Belvedere (Johnstone Shire),0,0,0,0,0,0,0
Belyando (Belyando Shire),0,0,0,0,0,0,0
Bemerside (Hinchinbrook Shire),5,0,0,0,0,0,0
Benaraby (Calliope Shire),3,0,0,0,0,0,0
Benarkin North (Nanango Shire),3,0,0,0,0,0,0
Bentley Park (Cairns City),16,0,0,0,5,0,3
Berserker (Rockhampton City),23,0,0,0,0,0,0
Biarra (Esk Shire),4,0,0,0,0,0,0
Biboohra (Mareeba Shire),6,0,0,0,0,0,0
Biddaddaba (Beaudesert Shire),3,0,0,0,0,0,0
Bidwill (Woocoo Shire),0,0,0,0,0,0,0
Biggenden (Biggenden Shire),4,0,0,0,0,0,0
Biloela (Banana Shire),18,0,0,0,0,0,0
Bilyana (Cardwell Shire),0,0,0,0,0,0,0
Bingil Bay (Johnstone Shire),3,0,0,0,3,0,0
Birdsville (Diamantina Shire),0,0,0,0,0,0,0
Black Mountain (Noosa Shire),5,0,0,0,0,0,0
Black River (Thuringowa City),3,0,0,0,0,0,0
Blackall (Blackall Shire),5,0,0,0,0,0,0
Blackbutt North (Nanango Shire),3,0,0,0,0,0,0
Blackbutt South (Nanango Shire),3,0,0,0,3,0,0
Blackbutt (Nanango Shire),4,0,0,0,0,0,0
Blackrock (Hinchinbrook Shire),0,0,0,0,0,0,0
Blacks Beach (Mackay City),5,0,0,0,0,0,0
Blackwater (Duaringa Shire),19,0,0,3,0,0,0
Blenheim (Laidley Shire),0,0,0,0,0,0,0
Bli Bli (Maroochy Shire - Bal),5,0,0,0,0,0,0
Bloomfield (Cook Shire),0,0,0,0,0,0,0
Bloomsbury (Mackay City),0,0,0,0,0,0,0
Blue Mountain Heights (Crows Nest Shire),3,0,0,0,0,0,0
Blue Mountain (Nebo Shire),0,0,4,0,0,0,0
Bluewater Park (Thuringowa City),6,0,0,0,0,0,0
Bluewater (Thuringowa City),3,0,0,0,0,0,0
Bluff (Duaringa Shire),0,0,0,0,0,0,0
Boatman (Murweh Shire),0,0,0,0,0,0,0
Bohle (Townsville City),0,0,0,0,0,0,0
Boigu Island (Boigu Island),8,0,0,0,0,0,0
Bollier (Cooloola Shire),0,0,0,0,0,0,0
Bollon (Balonne Shire),0,0,0,0,0,0,0
Bondoola (Livingstone Shire),0,0,0,0,0,0,0
Bongaree (Caboolture Shire),11,0,0,0,0,0,3
Bonnie Doon (Douglas Shire),0,0,0,0,0,0,0
Bonogin (Gold Coast City - Bal),8,0,0,0,0,0,0
Booie (Kingaroy Shire),3,0,0,0,0,0,0
Booie (Nanango Shire),5,0,0,0,0,0,0
Boolburra (Duaringa Shire),0,0,0,0,0,0,0
Boompa (Woocoo Shire),0,0,0,0,0,0,0
Boonah (Boonah Shire),4,0,0,0,0,0,0
Boonara (Kilkivan Shire),3,0,0,0,0,0,0
Boondooma (Wondai Shire),0,0,0,0,0,0,0
Boonooroo Plains (Maryborough City),0,0,0,0,0,0,0
Boonooroo (Maryborough City),0,0,0,0,0,0,0
Booral (Hervey Bay City),3,0,0,0,0,0,0
Booroobin (Caboolture Shire),3,0,0,0,0,0,0
Booroobin (Caloundra City),0,0,0,0,0,0,0
Booubyjan (Kilkivan Shire),0,0,0,0,0,0,0
Booyal (Isis Shire),4,0,0,0,0,0,0
Boreen Point (Noosa Shire),0,0,0,0,0,0,0
Bororen (Miriam Vale Shire),0,0,0,0,0,0,0
Bouldercombe (Fitzroy Shire),3,0,0,0,0,0,0
Boulia (Boulia Shire),0,0,0,0,0,0,0
Bowen (Bowen Shire),36,0,3,0,0,0,0
Bowenville (Jondaryan Shire),0,0,0,0,0,0,0
Bowenville (Rosalie Shire),3,0,0,0,0,0,0
Boyland (Beaudesert Shire),3,0,0,0,0,0,3
Boyne Island (Calliope Shire),12,0,0,0,3,0,4
Boyne Valley (Calliope Shire),3,0,0,0,0,0,0
Boynewood (Mundubbera Shire),0,0,0,0,0,0,0
Bracewell (Calliope Shire),3,0,0,0,0,0,0
Braemeadows (Hinchinbrook Shire),0,0,0,0,0,0,0
Bramston Beach (Cairns City),4,0,0,0,0,0,0
Branch Creek (Gayndah Shire),0,0,0,0,0,0,0
Brandon (Burdekin Shire),3,0,0,0,0,0,0
Branyan (Bundaberg City),5,0,0,0,0,0,0
Branyan (Burnett Shire),0,0,0,0,0,0,0
Breddan (Dalrymple Shire),4,0,0,0,0,0,0
Brigalow (Chinchilla Shire),0,0,0,0,0,0,0
Brightview (Laidley Shire),0,0,0,0,0,0,0
Brinsmead (Cairns City),5,0,0,0,0,0,3
Broadwater (Stanthorpe Shire),0,0,0,0,0,0,0
Bromelton (Beaudesert Shire),0,0,0,0,0,0,0
Brookfield (Brisbane City - Bal),7,0,0,0,0,0,0
Brookstead (Pittsworth Shire),0,0,0,0,0,0,0
Brookwater (Ipswich City),0,0,0,0,0,0,0
Brooloo (Cooloola Shire),0,0,0,0,0,0,0
Broughton (Dalrymple Shire),0,0,0,0,0,0,0
Bucasia (Mackay City),9,0,0,0,0,0,0
Bucca (Burnett Shire),0,0,0,0,0,0,0
Buccan (Beaudesert Shire),8,0,0,0,0,0,0
Buckingham (Boulia Shire),0,0,0,0,0,0,0
Buckland (Bauhinia Shire),4,0,0,0,0,0,0
Bulgun (Cardwell Shire),0,0,0,0,0,0,0
Bulwer (Brisbane City),0,0,0,0,0,0,0
Bundaberg Central (Bundaberg City),0,0,0,0,0,0,3
Bundaberg East (Bundaberg City),8,0,0,0,0,0,0
Bundaberg North (Bundaberg City),12,0,0,0,0,0,0
Bundaberg South (Bundaberg City),12,0,0,0,0,0,0
Bundaberg West (Bundaberg City),4,0,0,0,0,0,0
Bungadoo (Kolan Shire),4,0,0,0,0,0,0
Bungalow (Cairns City),3,0,0,0,0,0,0
Bungeworgorai (Bungil Shire),3,0,0,0,0,0,0
Bungunya (Waggamba Shire),0,0,0,0,0,0,0
Bunya Creek (Hervey Bay City),0,0,0,0,0,0,0
Bunya Mountains (Nanango Shire),0,0,0,0,0,0,0
Bunya (Pine Rivers Shire - Bal),0,0,0,0,0,0,0
Burbank (Brisbane City),3,0,0,0,0,0,0
Burdell (Thuringowa City),0,0,0,0,0,0,0
Burketown (Burke Shire),3,0,0,0,0,0,0
Burnett Heads (Burnett Shire),11,0,0,0,0,0,0
Burnside (Maroochy Shire),0,0,0,0,0,0,0
Burpengary (Caboolture Shire - Bal),4,0,0,0,0,0,0
Burrum Heads (Hervey Bay City),3,0,0,0,0,0,0
Burrum Town (Hervey Bay City),0,0,0,0,0,0,0
Burua (Calliope Shire),0,0,0,0,0,0,0
Bushland Beach (Thuringowa City),9,0,0,0,0,0,0
Bushley (Fitzroy Shire),0,0,0,0,0,0,0
Butchers Creek (Eacham Shire),0,0,0,0,0,0,0
Buxton (Isis Shire),0,0,0,0,0,0,0
Byfield (Livingstone Shire),0,0,0,0,0,0,0
Byrnestown (Gayndah Shire),0,0,0,0,0,0,0
Cabarlah (Crows Nest Shire),0,0,0,0,0,0,0
Caboolture (Caboolture Shire - Bal),7,0,0,0,0,0,0
Cairdbeign (Bauhinia Shire),0,0,0,0,0,0,0
Cairns City (Cairns City),6,0,0,0,0,0,0
Cairns North (Cairns City),13,0,0,0,0,0,0
Calavos (Burnett Shire),0,0,0,0,0,0,0
Calen (Mackay City),0,0,0,0,0,0,0
Calgoa (Woocoo Shire),0,0,0,0,0,0,0
Calliope (Calliope Shire),9,0,0,0,0,0,0
Cambooya (Cambooya Shire),5,0,0,0,0,0,0
Cambooya (Jondaryan Shire),0,0,0,0,0,0,0
Camooweal (Mount Isa City),0,0,0,0,0,0,0
Camp Mountain (Pine Rivers Shire),0,0,0,0,0,0,0
Campaspe (Dalrymple Shire),3,0,0,0,0,0,0
Canina (Cooloola Shire),3,0,0,0,0,0,0
Cannon Valley (Whitsunday Shire),3,0,0,0,0,0,0
Cannonvale (Whitsunday Shire),9,0,0,0,0,0,0
Canungra (Beaudesert Shire),0,0,0,0,0,0,0
Capalaba West (Brisbane City - Bal),0,0,0,0,0,0,0
Cape Cleveland (Townsville City),0,0,0,0,0,0,0
Cape Conway (Whitsunday Shire),0,0,0,0,0,0,0
Cape Tribulation (Douglas Shire),0,0,0,0,0,0,0
Capella (Peak Downs Shire),0,0,0,0,0,0,0
Captain Creek (Miriam Vale Shire),0,0,0,0,0,0,0
Caravonica (Cairns City),7,0,0,0,0,0,0
Carbrook (Logan City),4,0,0,0,0,0,0
Cardwell (Cardwell Shire),5,0,0,0,0,0,0
Carmila (Broadsound Shire),7,0,0,0,0,0,0
Carmoo (Cardwell Shire),0,0,0,0,0,0,0
Carruchan (Cardwell Shire),0,0,0,0,0,0,0
Carters Ridge (Cooloola Shire),0,0,0,0,0,0,0
Cashmere (Pine Rivers Shire - Bal),4,0,0,0,0,0,0
Cassowary (Douglas Shire),0,0,0,0,0,0,0
Causeway Lake (Livingstone Shire),0,0,0,0,0,0,0
Cawarral (Livingstone Shire),4,0,0,0,0,0,0
Cecil Plains (Jondaryan Shire),0,0,0,0,0,0,0
Cecil Plains (Millmerran Shire),0,0,0,0,0,0,0
Cedar Creek (Beaudesert Shire),0,0,0,0,0,0,0
Cedar Creek (Gold Coast City),0,0,0,0,0,0,0
Cedar Creek (Pine Rivers Shire),3,0,0,0,0,0,0
Cedar Grove (Beaudesert Shire),5,0,0,0,3,0,0
Cedar Vale (Beaudesert Shire),6,0,0,0,0,0,0
Centenary Heights (Toowoomba City),11,0,0,0,0,0,0
Chambers Flat (Beaudesert Shire),4,0,0,0,0,0,3
Chandler (Brisbane City - Bal),3,0,0,0,0,0,0
Charleville (Murweh Shire),10,0,0,0,0,0,0
Charlwood (Boonah Shire),0,0,0,0,0,0,0
Chatsworth (Cooloola Shire),8,0,0,0,0,0,0
Cheeseborough (Peak Downs Shire),4,0,0,0,0,0,0
Cherbourg (Cherbourg Shire),6,0,0,0,0,0,0
Chevallum (Maroochy Shire),3,0,0,0,0,0,0
Chewko (Mareeba Shire),0,0,0,0,0,0,0
Childers (Isis Shire),6,0,0,0,0,0,0
Chillagoe (Mareeba Shire),0,0,0,0,0,0,0
Chinchilla (Chinchilla Shire),14,0,0,0,0,0,0
Churchable (Laidley Shire),0,0,0,0,0,0,0
Chuwar (Ipswich City - Bal),0,0,0,0,0,0,0
Cinnabar (Kilkivan Shire),3,0,0,0,0,0,0
Clagiraba (Gold Coast City),4,0,0,0,0,0,0
Clairview (Broadsound Shire),0,0,0,0,0,0,0
Clare (Burdekin Shire),0,0,0,0,0,0,0
Clarke Creek (Broadsound Shire),3,0,0,0,0,0,0
Clear Mountain (Pine Rivers Shire),0,0,0,0,0,0,0
Clermont (Belyando Shire),12,0,0,0,0,0,0
Clifford (Taroom Shire),0,0,0,0,0,0,0
Clifton Beach (Cairns City),3,0,0,0,0,0,0
Clifton (Clifton Shire),0,0,0,0,0,0,0
Clinton (Gladstone City),9,0,0,0,0,0,3
Cloncurry (Cloncurry Shire),7,0,0,0,0,0,0
Closeburn (Pine Rivers Shire),0,0,0,0,0,0,0
Cloyna (Murgon Shire),0,0,0,0,0,0,0
Coalbank (Crows Nest Shire),0,0,0,0,0,0,0
Coalstoun Lakes (Biggenden Shire),0,0,3,0,0,0,0
Coconut Island (Poruma Island),0,0,0,0,0,0,0
Coen (Cook Shire),0,0,0,0,0,0,0
Coes Creek (Maroochy Shire),3,0,0,0,0,0,0
Colinton (Esk Shire),0,0,0,0,0,0,0
College View (Laidley Shire),0,0,0,0,0,0,0
Collinsville (Bowen Shire),4,0,0,0,0,0,0
Colosseum (Miriam Vale Shire),0,0,0,0,0,0,0
Columboola (Murilla Shire),0,0,0,0,0,0,0
Comet (Emerald Shire),0,0,0,0,0,0,0
Condamine Plains (Millmerran Shire),3,0,0,0,0,0,0
Condamine (Murilla Shire),3,0,0,0,0,0,0
Conondale (Caloundra City),0,0,0,0,0,0,0
Consuelo (Bauhinia Shire),3,0,0,0,0,0,0
Conway (Whitsunday Shire),0,0,0,0,0,0,0
Coochiemudlo Island (Redland Shire),0,0,0,0,0,0,0
Cooee Bay (Livingstone Shire),0,0,0,0,0,0,0
Cooktown (Cook Shire),6,0,0,0,0,0,0
Coolmunda (Inglewood Shire),3,0,3,0,0,0,0
Cooloola Cove (Cooloola Shire),3,0,0,0,0,0,0
Cooloolabin (Maroochy Shire),4,0,0,0,0,0,0
Coolum Beach (Maroochy Shire - Bal),0,0,0,0,0,0,0
Coomera (Gold Coast City - Bal),13,0,0,0,0,0,0
Coominya (Esk Shire),4,0,0,0,0,0,0
Coonarr (Burnett Shire),4,0,0,0,0,0,0
Cooran (Noosa Shire),4,0,0,0,0,0,0
Cooroibah (Noosa Shire),6,0,0,0,0,0,0
Cooroy (Noosa Shire),4,0,0,0,3,0,0
Coorumba (Johnstone Shire),0,0,0,0,0,0,0
Cootharaba (Noosa Shire),3,0,0,0,0,0,0
Coowonga (Livingstone Shire),0,0,0,0,0,0,0
Cooya Beach (Douglas Shire),4,0,0,0,0,0,0
Cooyar (Rosalie Shire),0,0,0,0,0,0,0
Coquette Point (Johnstone Shire),0,0,0,0,0,0,0
Coral Cove (Burnett Shire),4,0,0,0,0,0,0
Coral Sea (Bowen Shire),0,0,0,0,0,0,0
Coral Sea (Calliope Shire),0,0,0,0,0,0,0
Coral Sea (Mackay City),0,0,0,0,0,0,0
Coral Sea (Miriam Vale Shire),0,0,0,0,0,0,0
Cordalba (Isis Shire),0,0,0,0,0,0,0
Cordelia (Hinchinbrook Shire),0,0,0,0,0,0,0
Corfield (Winton Shire),0,0,0,0,0,0,0
Coringa (Biggenden Shire),0,0,0,0,0,0,0
Cornubia (Logan City - Bal),4,0,0,0,0,0,0
Cotswold Hills (Jondaryan Shire),7,0,0,0,0,0,0
Cow Bay (Douglas Shire),0,0,0,0,0,0,0
Cowley Beach (Johnstone Shire),0,0,0,0,0,0,0
Cracow (Banana Shire),0,0,0,0,0,0,0
Craiglie (Douglas Shire),3,0,0,0,0,0,0
Craignish (Hervey Bay City),4,0,0,0,0,0,0
Cranley (Toowoomba City),3,0,0,0,0,0,0
Crediton (Mirani Shire),0,0,0,0,0,0,3
Crinum (Peak Downs Shire),0,0,0,0,0,0,0
Croftby (Boonah Shire),0,0,0,0,0,0,0
Crohamhurst (Caloundra City),3,0,0,0,0,0,0
Crossdale (Esk Shire),6,0,0,0,0,0,0
Crows Nest (Crows Nest Shire),3,0,0,0,0,0,0
Croydon (Croydon Shire),0,0,0,0,0,0,0
Cullinane (Johnstone Shire),7,0,0,0,0,0,0
Cungulla (Townsville City),0,0,0,0,0,0,0
Cunnamulla (Paroo Shire),3,0,0,0,0,0,0
Curra (Tiaro Shire),5,0,0,0,3,0,0
Currumbin Valley (Gold Coast City),0,0,0,0,0,0,0
Curtis Island (Calliope Shire),0,0,0,0,0,0,0
Cushnie (Wondai Shire),3,0,0,0,0,0,0
D'aguilar (Caboolture Shire),4,0,0,0,0,0,0
Daintree (Douglas Shire),0,0,0,0,0,0,0
Daisy Hill (Logan City - Bal),0,0,0,0,0,0,0
Dajarra (Cloncurry Shire),0,0,0,0,0,0,0
Dalby (Dalby Town),19,0,0,0,0,0,0
Dalby (Wambo Shire),0,0,0,0,0,0,0
Dallarnil (Biggenden Shire),3,0,3,0,0,0,0
Dalveen (Warwick Shire),0,0,0,0,0,0,0
Dalwogon (Murilla Shire),0,0,0,0,0,0,0
Dalysford (Kolan Shire),0,0,0,0,0,0,0
Darling Heights (Toowoomba City),8,0,0,0,0,0,0
Darnley Island (Erub Island),0,0,0,0,0,0,0
Dauan Island (Dauan Island),0,0,0,0,0,0,0
Dayboro (Pine Rivers Shire),8,0,0,0,0,0,0
Daymar (Waggamba Shire),0,0,0,0,0,0,0
Deebing Heights (Ipswich City),0,0,0,0,0,0,0
Deepwater (Miriam Vale Shire),0,0,0,0,0,0,0
Deeragun (Thuringowa City),8,0,0,0,0,0,0
Deeral (Cairns City),0,0,0,0,0,0,0
Degarra (Douglas Shire),0,0,0,0,0,0,0
Delaneys Creek (Caboolture Shire),0,0,0,0,0,0,0
Depot Hill (Rockhampton City),0,0,0,0,0,0,0
Derri Derra (Mundubbera Shire),0,0,0,0,0,0,0
Desailly (Mareeba Shire),0,0,0,0,0,0,0
Deuchar (Warwick Shire),0,0,0,0,0,0,0
Diamantina Lakes (Diamantina Shire),0,0,0,0,0,0,0
Diamond Valley (Caloundra City),3,0,0,0,0,0,0
Diamondy (Wambo Shire),3,0,0,0,0,0,0
Diddillibah (Maroochy Shire),5,0,0,0,3,0,0
Dimbulah (Mareeba Shire),3,0,4,0,0,0,0
Dingo (Duaringa Shire),0,0,0,0,0,0,0
Dirranbandi (Balonne Shire),8,0,0,0,0,0,0
Dittmer (Whitsunday Shire),0,0,0,0,0,0,0
Dixalea (Banana Shire),0,0,0,0,0,0,0
Dolphin Heads (Mackay City),0,0,0,0,0,0,0
Donnybrook (Caboolture Shire),0,0,0,0,0,0,0
Doonan (Maroochy Shire),7,0,0,0,0,0,0
Doonan (Noosa Shire),4,0,0,0,0,0,0
Doongul (Woocoo Shire),0,0,0,0,0,0,0
Douglas (Rosalie Shire),0,0,0,0,0,0,0
Draper (Pine Rivers Shire),0,0,0,0,0,0,0
Drayton (Toowoomba City),5,0,0,0,0,0,0
Drillham (Murilla Shire),0,0,0,0,0,0,0
Duaringa (Duaringa Shire),3,0,0,0,0,0,0
Ducklo (Wambo Shire),0,0,0,0,0,0,0
Dugandan (Boonah Shire),0,0,0,0,0,0,0
Dulacca (Murilla Shire),0,0,0,0,0,0,0
Dulong (Maroochy Shire),0,0,0,0,0,0,0
Dumbleton (Mackay City),0,0,0,0,0,0,0
Dundathu (Hervey Bay City),4,0,0,0,0,0,0
Dundowran Beach (Hervey Bay City),0,0,0,0,0,0,0
Dundowran (Hervey Bay City),3,0,0,0,0,0,0
Dunk (Cardwell Shire),0,0,0,0,0,0,0
Dunkeld (Warroo Shire),0,0,0,0,0,0,0
Dunmora (Woocoo Shire),3,0,0,0,0,0,0
Dunwich (Redland Shire),6,0,0,0,0,0,0
Durham (Bulloo Shire),0,0,0,0,0,0,0
Durong (Wondai Shire),0,0,0,0,0,0,0
Dysart (Broadsound Shire),13,0,0,0,0,0,0
Eagleby (Gold Coast City - Bal),0,0,0,0,0,0,0
Earlville (Cairns City),14,0,0,0,0,0,0
East Barron (Atherton Shire),4,0,0,0,0,0,0
East Deep Creek (Cooloola Shire),3,0,0,0,3,0,0
East Feluga (Cardwell Shire),0,0,0,0,0,0,0
East Innisfail (Johnstone Shire),10,0,0,0,0,0,0
East Mackay (Mackay City),12,0,0,0,3,0,0
East Palmerston (Johnstone Shire),0,0,0,0,0,0,0
East Russell (Cairns City),0,0,0,0,0,0,0
East Toowoomba (Toowoomba City),17,0,0,0,0,0,0
East Trinity (Cairns City),0,0,0,0,0,0,0
Eatons Hill (Pine Rivers Shire - Bal),3,0,0,0,0,0,0
Ebenezer (Ipswich City),4,0,0,0,0,0,0
Edge Hill (Cairns City),11,0,0,0,0,0,0
Edmonton (Cairns City),16,0,4,0,4,0,3
Eerwah Vale (Maroochy Shire),7,0,0,0,0,0,0
Eidsvold West (Eidsvold Shire),0,0,0,0,0,0,0
Eidsvold (Eidsvold Shire),0,0,0,0,0,0,0
Eight Mile Plains (Brisbane City - Bal),0,0,0,0,0,0,0
Eimeo (Mackay City),6,0,0,0,0,0,0
Einasleigh (Etheridge Shire),3,0,0,0,0,0,0
El Arish (Johnstone Shire),0,0,0,0,0,0,0
Elbow Valley (Warwick Shire),0,0,0,0,0,0,0
Eli Waters (Hervey Bay City),6,0,0,0,0,0,0
Elimbah (Caboolture Shire - Bal),3,0,0,0,4,0,0
Ellesmere (Nanango Shire),0,0,0,0,0,0,0
Ellinjaa (Eacham Shire),0,0,0,0,0,0,0
Elliott Heads (Burnett Shire),0,0,0,0,0,0,0
Ellis Beach (Cairns City),0,0,0,0,0,0,0
Emerald (Emerald Shire),32,0,0,0,3,0,0
Emu Park (Livingstone Shire),6,0,0,0,0,0,0
Emu Vale (Warwick Shire),0,0,0,0,0,0,0
Enoggera Reservoir (Brisbane City),0,0,0,0,0,0,0
Erakala (Mackay City),3,0,0,0,0,0,0
Ernestina (Longreach Shire),0,0,0,0,0,0,0
Eromanga (Quilpie Shire),0,0,0,0,0,0,0
Esk (Esk Shire),4,0,0,0,0,0,0
Etna Creek (Livingstone Shire),0,0,0,0,0,0,0
Eton (Mackay City),0,0,0,0,0,0,0
Eton (Mirani Shire),0,0,4,0,0,0,0
Eubenangee (Cairns City),0,0,0,0,0,0,0
Eudlo (Maroochy Shire),3,0,0,0,0,0,0
Eukey (Stanthorpe Shire),0,0,0,0,0,0,0
Euleilah (Miriam Vale Shire),0,0,0,0,0,0,0
Eulo (Paroo Shire),0,0,0,0,0,0,0
Eumamurrin (Bungil Shire),0,0,0,0,0,0,0
Eumundi (Maroochy Shire),6,0,0,0,3,0,0
Eungella (Mirani Shire),4,0,0,0,0,0,0
Eureka (Isis Shire),0,0,0,0,0,0,0
Eurella (Booringa Shire),0,0,0,0,0,0,0
Eurong (Maryborough City),0,0,0,0,0,0,0
Euthulla (Bungil Shire),0,0,0,0,0,0,0
Evelyn (Herberton Shire),0,0,0,0,0,0,0
Fairney View (Esk Shire),3,0,0,0,0,0,0
Fairyland (Chinchilla Shire),0,0,0,0,0,0,0
Farleigh (Mackay City),0,0,3,0,0,0,0
Farnborough (Livingstone Shire),0,0,0,0,0,0,0
Farnsfield (Isis Shire),0,0,0,0,0,0,0
Federal (Noosa Shire),4,0,0,0,0,0,0
Felton (Cambooya Shire),4,0,0,0,0,0,0
Feluga (Cardwell Shire),0,0,0,0,0,0,0
Fernvale (Esk Shire),3,0,0,0,0,0,0
Ferny Hills (Pine Rivers Shire - Bal),0,0,0,0,0,0,0
Finch Hatton (Mirani Shire),3,0,0,0,0,0,0
Fitzgerald Creek (Johnstone Shire),0,0,0,0,0,0,0
Fitzroy Island (Cairns City),0,0,0,0,0,0,0
Flaxton (Maroochy Shire),4,0,0,0,0,0,0
Flinton (Tara Shire),0,0,0,0,0,0,0
Flying Fish Point (Johnstone Shire),0,0,0,0,0,0,0
Forest Creek (Douglas Shire),0,0,0,0,0,0,0
Forest Glen (Maroochy Shire),5,0,0,0,0,0,3
Forest Hill (Laidley Shire),0,0,0,0,0,0,0
Foresthome (Hinchinbrook Shire),3,0,0,0,0,0,0
Forrest Beach (Hinchinbrook Shire),0,0,0,0,0,0,0
Forsayth (Etheridge Shire),0,0,0,0,0,0,0
Fossilbrook (Mareeba Shire),0,0,0,0,0,0,0
Fraser Island (Hervey Bay City),0,0,0,0,0,0,0
Fraser Island (Maryborough City),0,0,0,0,0,0,0
Fredericksfield (Burdekin Shire),4,0,0,0,0,0,0
Freestone (Warwick Shire),4,0,0,0,0,0,0
Frenchville (Rockhampton City),5,0,0,0,0,0,0
Freshwater Point (Sarina Shire),0,0,0,0,0,0,0
Freshwater (Cairns City),0,0,0,0,0,0,0
Gaeta (Kolan Shire),0,0,0,0,0,0,0
Gamboola (Mareeba Shire),0,0,0,0,0,0,0
Gatton (Gatton Shire),16,0,0,0,0,0,0
Gaven (Gold Coast City),4,0,0,0,0,0,0
Gayndah (Gayndah Shire),8,0,0,0,0,0,0
Geham (Crows Nest Shire),3,0,0,0,0,0,0
Georgetown (Etheridge Shire),0,0,4,0,0,0,0
Gheerulla (Maroochy Shire),0,0,0,0,0,0,0
Ghinghinda (Taroom Shire),3,0,0,0,0,0,0
Gilston (Gold Coast City),3,0,3,0,0,0,0
Gin Gin (Kolan Shire),4,0,0,0,0,0,0
Gindie (Emerald Shire),0,0,0,0,0,0,0
Giru (Burdekin Shire),3,0,0,0,0,0,0
Gladstone City (Gladstone City),4,0,0,0,0,0,0
Gladstone Harbour Islands (Gladstone Cit),0,0,0,0,0,0,0
Glamorgan Vale (Esk Shire),0,0,0,0,0,0,0
Glanmire (Cooloola Shire),4,0,0,0,0,0,0
Glass House Mountains (Caloundra City),14,0,0,0,3,0,0
Glastonbury (Cooloola Shire),0,0,0,0,0,0,0
Glen Aplin (Stanthorpe Shire),3,0,0,0,0,0,0
Glen Eden (Gladstone City),0,0,0,0,0,0,0
Glencoe (Rosalie Shire),0,0,0,0,0,0,0
Glendale (Livingstone Shire),0,0,0,0,0,0,0
Glenden (Nebo Shire),4,0,0,0,0,0,0
Gleneagle (Beaudesert Shire),0,0,0,0,0,0,0
Glenella (Mackay City),9,0,0,0,0,0,0
Glenlee (Livingstone Shire),3,0,0,0,0,0,0
Glenlyon (Stanthorpe Shire),0,0,0,0,0,0,0
Glenmorgan (Tara Shire),0,0,0,0,0,0,0
Glenore Grove (Laidley Shire),3,0,0,0,0,0,0
Glenroy (Fitzroy Shire),0,0,0,0,0,0,0
Glenvale (Jondaryan Shire),3,0,3,0,0,0,0
Glenvale (Toowoomba City),3,0,0,0,0,0,0
Glenview (Caloundra City),0,0,0,0,0,0,0
Glenwood (Tiaro Shire),0,0,0,0,0,0,0
Godwin Beach (Caboolture Shire),4,0,0,0,0,0,0
Goldsborough (Cairns City),0,0,0,0,0,0,0
Gooburrum (Burnett Shire),0,0,0,0,0,0,0
Good Night (Kolan Shire),0,0,0,0,0,0,0
Goodar (Waggamba Shire),0,0,0,0,0,0,0
Goodger (Kingaroy Shire),3,0,0,0,0,0,0
Goomboorian (Cooloola Shire),3,0,0,0,0,0,0
Goombungee (Rosalie Shire),6,0,3,0,0,0,0
Goomburra (Warwick Shire),3,0,0,0,3,0,0
Goomeri (Kilkivan Shire),0,0,0,0,0,0,0
Goondi Bend (Johnstone Shire),3,0,0,0,0,0,0
Goondiwindi (Goondiwindi Town),18,0,0,0,0,0,0
Goondiwindi (Waggamba Shire),6,0,0,0,0,0,0
Goovigen (Banana Shire),4,0,0,0,0,0,0
Goranba (Tara Shire),3,0,0,0,0,0,0
Gordonvale (Cairns City),23,0,0,0,0,0,0
Gowrie Junction (Jondaryan Shire),0,0,0,0,0,0,0
Gowrie Junction (Rosalie Shire),0,0,0,0,0,0,0
Gowrie Mountain (Jondaryan Shire),5,0,0,0,0,0,0
Gracemere (Fitzroy Shire),12,0,0,0,0,0,0
Grandchester (Ipswich City),0,0,0,0,0,0,0
Grantham (Gatton Shire),3,0,0,0,0,0,0
Granville (Maryborough City),7,0,0,3,3,0,0
Grasstree Beach (Sarina Shire),0,0,0,0,0,0,0
Great Sandy Strait (Hervey Bay City),0,0,0,0,0,0,0
Green Hill (Cairns City),0,0,0,0,0,0,0
Green Island (Cairns City),0,0,0,0,0,0,0
Greenbank (Beaudesert Shire),17,0,0,0,4,0,4
Greenlands (Stanthorpe Shire),0,0,0,0,0,0,0
Greenmount East (Cambooya Shire),0,0,0,0,0,0,0
Greenmount (Cambooya Shire),0,0,0,0,0,0,0
Greenmount (Mackay City),0,0,0,0,0,0,0
Greens Creek (Cooloola Shire),0,0,0,0,0,0,0
Greenvale (Dalrymple Shire),0,0,0,0,0,0,0
Gregory River (Whitsunday Shire),0,0,3,0,0,0,0
Gregory (Burke Shire),0,0,0,0,0,0,0
Groomsville (Crows Nest Shire),4,0,0,0,3,0,0
Guanaba (Gold Coast City),0,0,0,0,0,0,0
Guluguba (Taroom Shire),0,0,0,0,0,0,0
Gumlow (Thuringowa City),3,0,0,0,0,0,0
Gumlu (Bowen Shire),0,0,0,0,0,0,0
Gunalda (Tiaro Shire),4,0,0,0,0,0,0
Gundiah (Tiaro Shire),0,0,0,0,0,0,0
Guthalungra (Bowen Shire),0,0,0,0,0,0,0
Gympie (Cooloola Shire),30,0,0,0,0,5,0
Habana (Mackay City),3,0,0,0,0,0,0
Haden (Crows Nest Shire),3,0,0,0,0,0,0
Haigslea (Ipswich City),3,0,0,0,0,0,0
Haliday Bay (Mackay City),0,0,0,0,0,0,0
Halifax (Hinchinbrook Shire),0,0,0,0,3,0,0
Haly Creek (Kingaroy Shire),0,0,0,0,0,0,0
Hammond Island (Hammond Island),3,0,0,0,0,0,0
Hampden (Mackay City),3,0,0,0,0,0,0
Hampton (Crows Nest Shire),5,0,0,0,0,0,0
Happy Valley (Mount Isa City),0,0,0,0,0,0,0
Harlaxton (Toowoomba City),0,0,0,0,0,0,0
Harlin (Esk Shire),0,0,4,0,0,0,0
Harper Creek (Caloundra City),3,0,0,0,0,0,0
Harristown (Toowoomba City),15,0,0,0,0,0,0
Harrisville (Ipswich City),4,0,0,0,0,0,0
Hatton Vale (Laidley Shire),7,0,0,0,0,0,0
Hay Point (Sarina Shire),8,0,0,0,0,0,0
Hazeldean (Kilcoy Shire),3,0,0,0,0,0,0
Healy (Mount Isa City),7,0,0,0,0,0,0
Hebel (Balonne Shire),0,0,0,0,0,0,0
Helidon Spa (Gatton Shire),7,0,0,0,0,0,0
Helidon (Gatton Shire),0,0,0,0,0,0,0
Hendon (Warwick Shire),0,0,0,0,0,0,0
Herberton (Herberton Shire),0,0,0,0,0,0,0
Hervey Range (Dalrymple Shire),4,0,0,0,0,0,0
Hibernia (Peak Downs Shire),0,0,0,0,3,0,0
Hidden Valley (Livingstone Shire),0,0,0,0,0,0,0
Hideaway Bay (Whitsunday Shire),0,0,0,0,0,0,0
Highfields (Crows Nest Shire),15,0,0,0,0,0,0
Highland Plains (Bungil Shire),0,0,0,0,0,0,0
Highvale (Pine Rivers Shire),7,0,0,0,0,0,0
Highworth (Maroochy Shire),0,0,0,0,0,0,0
Hinchinbrook (Cardwell Shire),0,0,0,0,0,0,0
Hivesville (Wondai Shire),0,0,0,0,0,0,0
Holloways Beach (Cairns City),3,0,0,0,0,0,0
Home Hill (Burdekin Shire),8,0,0,0,0,0,0
Homebush (Mackay City),5,0,0,0,0,0,0
Hope Vale (Hope Vale Shire),6,0,0,0,0,0,0
Horn (Torres Shire),6,0,0,0,0,0,0
Horse Camp (Kolan Shire),0,0,0,0,0,0,0
Horse Creek (Mount Morgan Shire),0,0,0,0,0,0,0
Horseshoe Bay (Townsville City),0,0,0,0,0,0,3
Horseshoe Lagoon (Burdekin Shire),0,0,0,0,0,0,0
Horton (Isis Shire),3,0,0,0,0,0,0
Howard (Hervey Bay City),0,0,0,0,0,0,0
Hughenden (Flinders Shire),4,0,0,0,0,0,0
Hull Heads (Cardwell Shire),0,0,0,0,0,0,0
Humboldt (Bauhinia Shire),3,0,0,0,0,0,0
Hunchy (Maroochy Shire),3,0,0,0,0,0,0
Hungerford (Bulloo Shire),0,0,0,0,0,0,0
Ibis (Aramac Shire),0,0,0,0,0,0,0
Ilbilbie (Broadsound Shire),3,0,0,0,0,0,0
Ilfracombe (Ilfracombe Shire),0,0,0,0,0,0,0
Ilkley (Maroochy Shire),0,0,0,0,0,0,0
Imbil (Cooloola Shire),0,0,0,0,0,0,0
Ingham (Hinchinbrook Shire),25,0,3,0,0,0,0
Inglewood (Inglewood Shire),3,0,0,0,0,0,0
Injinoo (Injinoo Shire),47,0,0,0,0,0,0
Injune (Bungil Shire),6,0,0,0,0,0,0
Inkerman (Burdekin Shire),0,0,0,0,0,0,0
Innes Park (Burnett Shire),7,0,0,0,0,0,0
Innisfail Estate (Johnstone Shire),3,0,0,0,4,0,3
Innisfail (Johnstone Shire),3,0,0,0,3,0,0
Inverlaw (Kingaroy Shire),0,0,0,0,3,0,0
Iredale (Gatton Shire),0,0,0,0,0,0,0
Ironbark (Ipswich City),0,0,0,0,0,0,0
Ironpot (Kingaroy Shire),0,0,3,0,0,0,0
Irvinebank (Mareeba Shire),0,0,0,0,0,0,0
Isis Central (Isis Shire),0,0,0,0,0,0,0
Isisford (Isisford Shire),0,0,0,0,0,0,0
Isla (Banana Shire),0,0,0,0,0,0,0
Iveragh (Calliope Shire),0,0,0,0,0,0,0
Jackson (Bendemere Shire),0,0,0,0,0,0,0
Jacobs Well (Gold Coast City),3,0,0,0,0,0,0
Jandowae (Wambo Shire),0,0,0,0,0,0,0
Japoonvale (Johnstone Shire),9,0,0,0,0,0,0
Jarra Creek (Cardwell Shire),0,0,0,0,0,0,0
Jarvisfield (Burdekin Shire),3,0,0,0,0,0,0
Jellinbah (Duaringa Shire),0,0,0,0,0,0,0
Jensen (Thuringowa City),5,0,0,0,0,0,0
Jericho (Jericho Shire),3,0,0,0,0,0,0
Jimboomba (Beaudesert Shire),19,0,0,0,3,0,3
Jimbour East (Wambo Shire),0,0,0,0,0,0,0
Jimbour West (Wambo Shire),0,0,0,0,0,0,0
Jimna (Kilcoy Shire),0,0,0,0,0,0,0
Jondaryan (Jondaryan Shire),0,0,0,0,0,0,0
Jondaryan (Rosalie Shire),0,0,0,0,0,0,0
Joyner (Pine Rivers Shire - Bal),0,0,0,0,0,0,0
Jubilee Pocket (Whitsunday Shire),5,0,0,0,0,0,0
Julatten (Mareeba Shire),6,0,0,0,0,0,0
Julia Creek (McKinlay Shire),3,0,0,0,0,0,0
Junabee (Warwick Shire),5,0,0,0,0,0,0
Jundah (Barcoo Shire),0,0,0,0,0,0,0
Kaimkillenbun (Wambo Shire),3,0,0,0,0,0,0
Kairi (Atherton Shire),0,0,0,0,0,0,0
Kalbar (Boonah Shire),3,0,0,0,0,0,0
Kalkadoon (Mount Isa City),0,0,0,0,0,0,0
Kalkie (Bundaberg City),6,0,0,0,0,0,0
Kamerunga (Cairns City),3,0,0,0,0,0,0
Kandanga (Cooloola Shire),6,0,0,0,0,0,0
Kanimbla (Cairns City),8,0,0,0,0,0,0
Kapaldo (Monto Shire),0,0,0,0,0,0,0
Karalee (Ipswich City - Bal),0,0,0,0,3,0,0
Karara (Warwick Shire),0,0,0,0,0,0,0
Karrabin (Ipswich City),0,0,0,0,0,0,0
Karragarra Island (Redland Shire),0,0,0,0,0,0,0
Karumba (Carpentaria Shire),0,0,0,0,0,0,0
Kawana (Rockhampton City),10,0,0,0,0,0,0
Kawungan (Hervey Bay City),11,0,0,0,0,0,3
Kearneys Spring (Toowoomba City),19,0,0,0,3,0,0
Kelvinhaugh (Rosalie Shire),0,0,0,0,0,0,0
Kenilworth (Maroochy Shire),6,0,0,0,0,0,0
Kennedy (Cardwell Shire),0,0,0,0,0,0,0
Kensington Grove (Laidley Shire),0,0,0,0,0,0,0
Kepnock (Bundaberg City),11,0,5,0,0,0,0
Keppel Sands (Livingstone Shire),0,0,0,0,0,0,0
Kerry (Beaudesert Shire),0,0,0,0,0,0,0
Kewarra Beach (Cairns City),6,0,0,0,0,0,0
Kholo (Brisbane City),0,0,0,0,0,0,0
Kianga (Banana Shire),0,0,0,0,0,0,0
Kiels Mountain (Maroochy Shire),3,0,0,0,0,0,0
Kilcoy (Kilcoy Shire),3,0,0,0,0,0,0
Kilcummin (Belyando Shire),0,0,3,0,0,0,0
Kilkivan (Kilkivan Shire),0,0,0,0,0,0,0
Killaloe (Douglas Shire),0,0,0,0,0,0,0
Killarney (Warwick Shire),7,0,0,0,0,0,0
Kin Kin (Noosa Shire),0,0,0,0,0,0,0
Kin Kora (Gladstone City),3,0,0,0,3,0,0
Kingaroy (Kingaroy Shire),26,0,0,0,0,0,0
Kingsholme (Gold Coast City),0,0,0,0,0,0,0
Kingsthorpe (Rosalie Shire),6,0,0,0,0,0,0
Kinka Beach (Livingstone Shire),3,0,0,0,0,0,0
Kirwan (Thuringowa City - Bal),0,0,0,0,0,0,0
Koah (Mareeba Shire),0,0,0,0,0,0,0
Kogan (Chinchilla Shire),3,0,0,0,0,0,0
Koongal (Rockhampton City),9,0,0,0,3,0,0
Kooralbyn (Beaudesert Shire),3,0,0,0,0,0,0
Kooringal (Brisbane City),0,0,0,0,0,0,0
Kooroongarra (Millmerran Shire),0,0,0,0,0,0,0
Koumala (Sarina Shire),0,0,0,0,3,0,0
Kowanyama (Kowanyama Shire),7,0,0,0,0,0,0
Kragra (Chinchilla Shire),0,0,0,0,0,0,0
Kulangoor (Maroochy Shire),0,0,0,0,0,0,0
Kulpi (Rosalie Shire),0,0,0,0,0,0,0
Kumbarilla (Wambo Shire),0,0,0,0,0,0,0
Kumbia (Kingaroy Shire),0,0,0,0,0,0,0
Kuranda (Mareeba Shire),7,0,0,0,0,0,0
Kureelpa (Maroochy Shire),3,0,0,0,0,0,0
Kuridala (Cloncurry Shire),6,0,0,0,0,0,0
Kurrimine Beach (Johnstone Shire),0,0,0,0,0,0,0
Kurwongbah (Pine Rivers Shire),7,0,0,0,0,0,0
Kuttabul (Mackay City),0,0,0,0,0,0,0
Kybong (Cooloola Shire),3,0,0,0,0,0,0
Kynuna (McKinlay Shire),0,0,0,0,0,0,0
Laceys Creek (Pine Rivers Shire),0,0,0,0,0,0,0
Laguna Quays (Mackay City),0,0,0,0,0,0,0
Laidley Heights (Laidley Shire),3,0,0,0,0,0,0
Laidley South (Laidley Shire),0,0,0,0,0,0,0
Laidley (Laidley Shire),11,0,0,0,0,0,0
Lake Barrine (Eacham Shire),0,0,0,0,0,0,0
Lake Clarendon (Gatton Shire),4,0,0,0,0,0,0
Lake Eacham (Eacham Shire),0,0,0,0,0,0,0
Lake Macdonald (Noosa Shire),0,0,0,0,0,0,0
Lake Manchester (Brisbane City),0,0,0,0,0,0,0
Lakefield (Cook Shire),0,0,0,0,0,0,0
Lakes Creek (Rockhampton City),0,0,0,0,0,0,0
Lamb Island (Redland Shire),0,0,0,0,0,0,0
Lamb Range (Cairns City),0,0,0,0,0,0,0
Lamington (Beaudesert Shire),3,0,0,0,0,0,0
Lammermoor (Livingstone Shire),0,0,0,0,0,0,0
Landsborough (Caloundra City),10,0,0,0,0,0,0
Lannercost (Hinchinbrook Shire),0,0,0,0,0,0,0
Laura (Cook Shire),3,0,0,0,0,0,0
Lawes (Gatton Shire),0,0,0,0,0,0,0
Lawgi Dawes (Banana Shire),0,0,0,0,0,0,0
Lefthand Branch (Gatton Shire),0,0,0,0,0,0,0
Leyburn (Clifton Shire),0,0,0,0,0,0,0
Leyburn (Warwick Shire),0,0,0,0,0,0,0
Limestone Creek (Rockhampton City),0,0,0,0,0,0,0
Linville (Esk Shire),0,0,0,0,0,0,0
Lissner (Charters Towers City),6,0,5,0,0,0,0
Littabella (Burnett Shire),0,0,0,0,0,0,0
Lochington (Emerald Shire),0,0,0,0,0,0,0
Lockhart (Lockhart River Shire),4,0,0,0,0,0,0
Lockrose (Laidley Shire),0,0,0,0,0,0,0
Lockyer Waters (Laidley Shire),0,0,0,0,0,0,0
Logan Reserve (Beaudesert Shire),8,0,3,0,0,0,3
Logan Reserve (Logan City),3,0,0,0,3,0,0
Logan Village (Beaudesert Shire),13,0,0,0,0,0,0
Lonesome Creek (Banana Shire),0,0,0,0,0,0,0
Longreach (Longreach Shire),12,0,0,0,0,0,0
Lower Beechmont (Gold Coast City),0,0,0,0,0,0,0
Lower Daintree (Douglas Shire),0,0,0,0,0,0,0
Lower Tully (Cardwell Shire),0,0,3,0,0,0,0
Lowmead (Miriam Vale Shire),0,0,0,0,0,0,0
Lowood (Esk Shire),10,0,0,0,0,0,0
Lucinda (Hinchinbrook Shire),0,0,0,0,0,0,0
Luscombe (Gold Coast City),3,0,0,0,0,0,0
Maaroom (Maryborough City),0,0,0,0,0,0,0
Mabuiag Island (Mabuiag Island),0,0,0,0,0,0,0
Macalister Range (Cairns City),0,0,0,0,0,0,0
Macalister (Wambo Shire),0,0,0,0,0,0,0
Machans Beach (Cairns City),3,0,0,0,0,0,0
Mackay Harbour (Mackay City),0,0,0,0,0,0,0
Mackay (Mackay City),12,0,0,0,0,0,0
Mackenzie River (Broadsound Shire),0,0,0,0,0,0,0
Mackenzie (Duaringa Shire),0,0,0,0,0,0,0
Macknade (Hinchinbrook Shire),0,0,0,0,0,0,0
Maclagan (Rosalie Shire),3,0,0,0,0,0,0
Macleay Island (Redland Shire),4,0,0,0,0,0,0
Maidenwell (Nanango Shire),0,0,0,0,0,0,0
Malanda (Eacham Shire),3,0,0,0,0,0,3
Maleny (Caloundra City),0,0,0,0,0,0,0
Mandalay (Whitsunday Shire),0,0,0,0,0,0,0
Manoora (Cairns City),12,0,0,0,3,0,0
Manumbar (Kilkivan Shire),0,0,0,0,0,0,0
Manunda (Cairns City),14,0,0,0,0,0,3
Mapleton (Maroochy Shire),0,0,0,0,0,0,0
Mapoon (Mapoon Shire),0,0,0,0,0,0,0
Maramie (Carpentaria Shire),0,0,0,0,0,0,0
Marburg (Ipswich City),0,0,0,0,0,0,0
Marcoola (Maroochy Shire - Bal),0,0,0,0,0,0,0
Mareeba (Mareeba Shire),27,0,4,0,0,0,3
Marian (Mirani Shire),9,0,0,0,0,0,0
Marlborough (Livingstone Shire),0,0,0,0,0,0,0
Marmor (Fitzroy Shire),0,0,0,0,0,0,0
Maroochy River (Maroochy Shire),5,0,0,0,0,0,0
Maroondan (Kolan Shire),0,0,0,0,0,0,0
Maryborough West (Maryborough City),3,0,0,0,0,0,0
Maryborough (Maryborough City),27,0,0,0,4,0,0
Maryvale (Warwick Shire),3,0,3,0,0,0,0
Masig Island (Yorke Island),0,0,0,0,0,0,0
Maudsland (Gold Coast City),0,0,0,0,0,0,0
Maudsland (Gold Coast City - Bal),0,0,0,0,0,0,4
Maxwelton (Richmond Shire),0,0,0,0,0,0,0
McDesme (Burdekin Shire),0,0,0,0,0,0,0
McEwens Beach (Mackay City),0,0,0,0,0,0,0
McKinlay (McKinlay Shire),0,0,0,0,0,0,0
Meadowvale (Burnett Shire),4,0,0,0,0,0,3
Meandarra (Tara Shire),0,0,0,0,0,0,0
Meikleville Hill (Livingstone Shire),0,0,0,0,0,0,0
Meldale (Caboolture Shire),0,0,0,0,0,0,0
Memerambi (Kingaroy Shire),0,0,0,0,0,0,0
Menzies (Mount Isa City),4,0,0,0,0,0,0
Meridan Plains (Caloundra City),0,0,0,0,0,0,0
Meringandan West (Rosalie Shire),0,0,0,0,0,0,0
Meringandan (Crows Nest Shire),0,0,0,0,0,0,0
Miallo (Douglas Shire),4,0,0,0,0,0,0
Miara (Burnett Shire),0,0,0,0,0,0,0
Mica Creek (Mount Isa City),0,0,0,0,0,0,0
Middle Ridge (Toowoomba City),7,0,0,0,0,0,0
Middlemount (Broadsound Shire),3,0,0,0,0,0,0
Middleton (Winton Shire),0,0,4,0,0,0,0
Midge Point (Mackay City),3,0,0,0,0,0,0
Mighell (Johnstone Shire),0,0,0,0,0,0,0
Milbong (Boonah Shire),0,0,0,0,0,0,0
Miles End (Mount Isa City),0,0,0,0,0,0,0
Miles (Murilla Shire),6,0,0,0,0,0,0
Milford (Boonah Shire),0,0,0,0,0,0,0
Millaa Millaa (Eacham Shire),0,0,0,0,0,0,0
Millaroo (Burdekin Shire),0,0,0,0,0,0,0
Millbank (Bundaberg City),3,0,0,0,0,0,4
Millchester (Charters Towers City),3,0,0,0,0,0,0
Millmerran Woods (Millmerran Shire),0,0,0,0,0,0,0
Millmerran (Millmerran Shire),3,0,0,0,3,0,0
Millstream (Herberton Shire),0,0,0,0,0,0,0
Milman (Livingstone Shire),0,0,0,0,0,0,0
Milora (Boonah Shire),3,0,3,0,0,0,0
Minden (Esk Shire),3,0,0,0,0,0,0
Minerva (Bauhinia Shire),0,0,0,0,0,0,0
Minnamoolka (Herberton Shire),0,0,0,0,0,0,0
Mirani (Mirani Shire),3,0,0,0,0,0,0
Miriam Vale (Miriam Vale Shire),3,0,0,0,0,0,0
Miriwinni (Cairns City),3,0,0,0,0,0,0
Mission Beach (Johnstone Shire),0,0,0,0,0,0,0
Mission River (Cook Shire),0,0,0,0,0,0,0
Mission River (Napranum Shire),8,0,0,0,0,0,0
Mistake Creek (Belyando Shire),0,0,3,0,0,0,0
Mitchell (Booringa Shire),3,0,0,0,3,0,0
Miva (Tiaro Shire),0,0,4,0,0,0,0
Moa Island (Kubin Island),0,0,0,0,0,0,0
Moa Island (St Pauls Island),0,0,0,0,0,0,0
Moffatdale (Murgon Shire),0,0,0,0,0,0,0
Moggill (Brisbane City - Bal),7,0,0,0,0,0,0
Mona Mona (Mareeba Shire),0,0,0,0,0,0,0
Monduran (Kolan Shire),0,0,0,0,0,0,0
Monkland (Cooloola Shire),3,0,0,0,0,0,0
Monogorilby (Mundubbera Shire),0,0,0,0,0,0,0
Monto (Monto Shire),0,0,0,0,0,0,0
Montville (Maroochy Shire),5,0,0,0,0,0,0
Moogerah (Boonah Shire),0,0,0,0,0,0,0
Moola (Wambo Shire),0,0,0,0,0,0,0
Moolboolaman (Kolan Shire),0,0,0,0,3,0,0
Mooloolah Valley (Caloundra City),22,0,0,0,0,0,0
Moonford (Monto Shire),0,0,0,0,0,0,0
Moore Park (Burnett Shire),3,0,0,0,0,3,0
Moore (Esk Shire),0,0,0,0,0,0,0
Moorina (Caboolture Shire),0,0,0,0,0,0,0
Moorland (Burnett Shire),3,0,0,0,0,0,0
Mooroobool (Cairns City),19,0,0,0,3,0,0
Moranbah (Belyando Shire),25,0,0,0,0,0,0
Morayfield (Caboolture Shire - Bal),0,0,0,0,0,0,0
Morella (Longreach Shire),0,0,0,0,0,0,0
Moreton Bay (Redland Shire),0,0,0,0,0,0,0
Morgan Park (Warwick Shire),3,0,0,0,0,0,0
Morinish (Fitzroy Shire),0,0,0,0,0,0,0
Mornington (Mount Isa City),3,0,0,4,0,0,0
Morven (Murweh Shire),0,0,0,0,0,0,0
Mosman Park (Charters Towers City),3,0,0,0,3,0,0
Mossman Gorge (Douglas Shire),0,0,0,0,0,0,0
Mossman (Douglas Shire),9,0,0,0,0,0,0
Mothar Mountain (Cooloola Shire),4,0,0,0,0,0,0
Mount Abundance (Bungil Shire),4,0,0,0,0,0,0
Mount Alford (Boonah Shire),0,0,0,0,0,0,0
Mount Alma (Calliope Shire),0,0,0,0,0,0,0
Mount Archer (Kilcoy Shire),3,0,0,0,0,0,0
Mount Archer (Rockhampton City),0,0,0,0,0,0,0
Mount Beppo (Esk Shire),3,0,0,0,0,0,0
Mount Britton (Nebo Shire),0,0,0,0,0,0,0
Mount Carbine (Mareeba Shire),0,0,0,0,0,0,0
Mount Chalmers (Livingstone Shire),4,0,0,0,0,0,0
Mount Colliery (Warwick Shire),0,0,0,0,0,0,0
Mount Coolon (Bowen Shire),0,0,0,0,0,0,0
Mount Coot-tha (Brisbane City),0,0,0,0,0,0,0
Mount Cotton (Redland Shire),3,0,0,0,0,0,0
Mount Crosby (Brisbane City),0,0,0,0,3,0,0
Mount Enniskillen (Tambo Shire),0,0,0,0,0,0,0
Mount Garnet (Herberton Shire),7,0,0,0,0,0,0
Mount Glorious (Pine Rivers Shire),3,0,0,0,0,0,0
Mount Hallen (Esk Shire),3,0,0,0,0,0,0
Mount Isa City (Mount Isa City),3,0,0,0,0,0,0
Mount Isa (Mount Isa City),0,0,0,0,0,0,0
Mount Julian (Whitsunday Shire),3,0,0,0,0,0,0
Mount Kelly (Burdekin Shire),3,0,0,0,0,0,0
Mount Kilcoy (Kilcoy Shire),0,0,0,0,0,0,0
Mount Kynoch (Toowoomba City),0,0,0,0,0,0,0
Mount Larcom (Calliope Shire),0,0,0,0,0,0,0
Mount Lofty (Toowoomba City),4,0,0,0,0,0,0
Mount Louisa (Townsville City - Bal),4,0,0,0,0,0,0
Mount Low (Thuringowa City),0,0,0,0,0,0,0
Mount Maria (Miriam Vale Shire),0,0,0,0,0,0,0
Mount Martin (Mirani Shire),0,0,0,0,0,0,0
Mount Mee (Caboolture Shire),5,0,0,0,0,0,0
Mount Mellum (Caloundra City),3,0,3,0,3,0,0
Mount Molloy (Mareeba Shire),0,0,0,0,0,0,0
Mount Morgan (Mount Morgan Shire),6,0,0,0,5,0,0
Mount Mulligan (Mareeba Shire),0,0,0,0,0,0,0
Mount Murchison (Banana Shire),0,0,0,0,0,0,0
Mount Nathan (Gold Coast City),0,0,0,0,0,0,0
Mount Nebo (Pine Rivers Shire),0,0,0,0,0,0,0
Mount Ossa (Mackay City),3,0,0,0,0,0,0
Mount Pelion (Mackay City),0,0,0,0,0,0,0
Mount Perry (Perry Shire),4,0,0,0,0,0,0
Mount Peter (Cairns City),0,0,0,0,0,0,0
Mount Pleasant (Mackay City),12,0,0,3,3,0,0
Mount Pleasant (Pine Rivers Shire),4,0,0,0,0,0,0
Mount Samson (Pine Rivers Shire),0,0,0,0,0,0,0
Mount Sheridan (Cairns City),16,0,0,0,0,0,0
Mount Stanley (Esk Shire),0,0,0,0,0,0,0
Mount Surprise (Etheridge Shire),3,0,0,0,0,0,0
Mount Surround (Burdekin Shire),0,0,0,0,0,0,0
Mount Sylvia (Gatton Shire),0,0,0,0,0,0,0
Mount Tarampa (Esk Shire),0,0,0,0,0,0,0
Mount Tyson (Pittsworth Shire),0,0,0,0,0,0,0
Mount Whitestone (Gatton Shire),0,0,0,0,0,0,0
Mount Wyatt (Bowen Shire),0,0,0,0,0,0,0
Mountain Creek (Maroochy Shire - Bal),0,0,0,0,0,0,0
Moura (Banana Shire),5,0,0,0,0,0,0
Mourilyan Harbour (Johnstone Shire),0,0,0,0,0,0,0
Mourilyan (Johnstone Shire),0,0,0,0,0,0,0
Mowbray (Douglas Shire),3,0,0,0,0,0,0
Mowbullan (Wambo Shire),0,0,0,0,0,0,0
Mudgeeraba (Gold Coast City - Bal),8,0,0,0,0,0,0
Mulgildie (Monto Shire),0,0,0,0,0,0,0
Munbilla (Boonah Shire),4,0,0,0,0,0,0
Mundoo (Johnstone Shire),0,0,0,0,0,0,0
Mundoolun (Beaudesert Shire),3,0,0,0,0,0,0
Mundowran (Mundubbera Shire),0,0,4,0,0,0,0
Mundubbera (Mundubbera Shire),8,0,0,0,0,0,0
Mungabunda (Duaringa Shire),0,0,0,0,0,0,0
Mungar (Woocoo Shire),0,0,0,0,0,0,4
Mungindi (Balonne Shire),0,0,0,0,0,0,0
Murgon (Murgon Shire),5,0,0,0,0,0,0
Murphys Creek (Gatton Shire),4,0,0,0,0,0,0
Murray Islands (Mer Island),3,0,0,0,0,0,0
Murray Upper (Cardwell Shire),3,0,0,0,0,0,0
Murrigal (Cardwell Shire),3,0,0,0,0,0,0
Mutdapilly (Ipswich City),0,0,0,0,0,0,0
Muttaburra (Aramac Shire),0,0,0,0,0,0,0
Nambour (Maroochy Shire),29,0,0,0,0,0,3
Nanango (Nanango Shire),3,0,0,0,0,0,0
Nanum (Weipa Town),3,0,0,0,0,0,0
Narangba (Caboolture Shire - Bal),0,0,0,0,3,0,0
Nebo (Nebo Shire),0,0,0,0,0,0,0
Neerdie (Cooloola Shire),0,0,0,0,0,0,0
Nelly Bay (Townsville City),4,0,0,0,0,0,0
Nerang (Gold Coast City - Bal),0,0,0,0,0,0,0
Nerimbera (Livingstone Shire),0,0,0,0,0,0,0
Neurum (Caboolture Shire),4,0,0,0,0,0,0
New Auckland (Gladstone City),7,0,0,0,4,0,0
New Beith (Beaudesert Shire),3,0,0,0,0,0,0
New Harbourline (Johnstone Shire),3,0,0,0,0,0,0
New Mapoon (New Mapoon Shire),0,0,0,0,0,0,0
Newell (Douglas Shire),0,0,0,0,0,0,0
Newlands (Bowen Shire),0,0,0,0,0,0,0
Newtown (Toowoomba City),29,0,0,0,3,0,0
Nicholson (Doomadgee Shire),8,0,0,3,0,0,0
Nikenbah (Hervey Bay City),0,0,0,0,0,0,0
Nindaroo (Mackay City),0,0,0,0,0,0,0
Ninderry (Maroochy Shire),5,0,0,0,0,0,0
Nine Mile (Fitzroy Shire),0,0,0,0,0,0,0
Ningi (Caboolture Shire),5,0,0,0,0,0,0
Nive (Murweh Shire),3,0,0,0,0,0,0
Nobby (Clifton Shire),0,0,0,0,0,0,0
Nome (Townsville City),0,0,0,0,0,0,0
Noorama (Paroo Shire),0,0,0,0,0,0,0
Noorindoo (Warroo Shire),0,0,0,0,0,0,0
Norman Gardens (Rockhampton City),6,0,0,0,0,0,5
Norman (Carpentaria Shire),13,0,0,0,0,0,0
North Arm (Maroochy Shire),3,0,0,0,0,0,0
North Branch (Pittsworth Shire),0,0,0,0,0,0,0
North Deep Creek (Cooloola Shire),0,0,0,0,0,0,0
North Isis (Isis Shire),3,0,0,0,0,0,0
North Mackay (Mackay City),11,0,0,5,0,0,0
North Maclean (Beaudesert Shire),3,0,0,0,0,0,0
North Maleny (Caloundra City),0,0,0,0,0,0,0
North Shore (Noosa Shire),0,0,0,0,0,0,0
North Stradbroke Island (Redland Shire),0,0,0,0,0,0,0
North Talwood (Waggamba Shire),0,0,0,0,0,0,0
North Toowoomba (Toowoomba City),7,0,0,0,0,0,0
Norville (Bundaberg City),3,0,0,0,0,0,0
Norwell (Gold Coast City),6,0,0,0,0,0,0
Norwin (Jondaryan Shire),0,0,0,0,0,0,0
Nukinenda (Crows Nest Shire),0,0,0,0,0,0,0
Numinbah Valley (Gold Coast City),0,0,0,0,0,0,0
O'Connell (Gladstone City),0,0,0,0,0,0,0
Oak Beach (Douglas Shire),0,0,0,0,0,0,0
Oak Valley (Townsville City),0,0,0,0,0,0,0
Oakenden (Mackay City),0,0,0,0,0,0,0
Oakey (Jondaryan Shire),11,0,0,0,0,0,0
Oakhurst (Maryborough City),0,0,0,0,0,0,0
Oakhurst (Woocoo Shire),3,0,0,0,0,0,0
Obi Obi (Maroochy Shire),0,0,0,0,0,0,0
Ocean View (Pine Rivers Shire),0,0,0,0,0,0,0
Ogmore (Livingstone Shire),0,0,0,0,0,0,0
Oman Ama (Inglewood Shire),0,0,0,0,0,0,0
Oombabeer (Duaringa Shire),0,0,0,0,0,0,0
Ooralea (Mackay City),3,0,0,0,3,0,0
Opalton (Winton Shire),0,0,0,0,0,0,0
Orange Creek (Banana Shire),3,0,0,0,0,0,0
Ormeau (Gold Coast City - Bal),3,0,0,0,0,0,0
Osborne (Burdekin Shire),0,0,0,0,0,0,0
Owanyilla (Woocoo Shire),0,0,0,0,0,0,0
Owens Creek (Mirani Shire),0,0,0,0,0,0,0
Oxenford (Gold Coast City - Bal),0,0,0,0,0,0,0
Oxford (Nebo Shire),3,0,0,0,0,0,0
Pacific Haven (Hervey Bay City),0,0,0,0,0,0,0
Pacific Heights (Livingstone Shire),4,0,0,0,0,0,0
Pacific Pines (Gold Coast City - Bal),7,0,0,0,0,0,5
Paddys Green (Mareeba Shire),0,0,0,0,0,0,0
Paget (Mackay City),0,0,0,0,0,0,0
Palen Creek (Beaudesert Shire),0,0,0,0,0,0,0
Palgrave (Warwick Shire),0,0,0,0,0,0,0
Pallarenda (Townsville City),5,0,0,0,0,0,0
Palm Cove (Cairns City),7,0,0,0,0,0,0
Palm Island (Hinchinbrook Shire),0,0,0,0,0,0,0
Palm Island (Palm Island Shire),16,0,0,0,0,0,0
Palmer (Cook Shire),0,0,0,0,0,0,0
Palmview (Caloundra City),0,0,0,0,0,0,0
Palmwoods (Maroochy Shire),16,0,0,0,0,0,0
Paluma (Dalrymple Shire),3,0,0,0,0,0,0
Paluma (Thuringowa City),0,0,0,0,0,0,0
Park Avenue (Rockhampton City),9,0,0,0,0,0,0
Park Ridge South (Beaudesert Shire - Bal),0,0,0,0,0,0,0
Park Ridge (Logan City - Bal),4,0,0,0,0,0,0
Parkhurst (Rockhampton City),3,0,0,0,3,0,0
Parkside (Mount Isa City),6,0,0,0,0,0,0
Parramatta Park (Cairns City),12,0,0,0,0,0,0
Peachester (Caloundra City),0,0,0,0,0,0,0
Peacock Siding (Hinchinbrook Shire),0,0,0,0,0,0,0
Peak Crossing (Ipswich City),3,0,0,0,0,0,0
Peeramon (Eacham Shire),3,0,0,0,3,0,0
Peranga (Rosalie Shire),0,0,0,0,0,0,3
Peregian Beach (Maroochy Shire - Bal),3,0,0,0,0,0,0
Peregian Beach (Noosa Shire - Bal),0,0,0,0,0,0,0
Petford (Mareeba Shire),0,0,0,0,0,0,0
Pialba (Hervey Bay City),5,0,0,0,0,0,0
Picnic Bay (Townsville City),0,0,0,0,0,0,0
Pie Creek (Cooloola Shire),4,0,0,0,0,0,0
Pierce Creek (Crows Nest Shire),0,0,0,0,0,0,0
Pilton (Clifton Shire),0,0,4,0,0,0,0
Pimpama (Gold Coast City - Bal),0,0,0,0,0,0,0
Pinbarren (Noosa Shire),0,0,0,0,0,0,0
Pine Creek (Burnett Shire),3,0,0,0,0,0,0
Pine Mountain (Ipswich City),3,0,0,0,0,0,0
Pinjarra Hills (Brisbane City),3,0,0,0,0,0,0
Pink Lily (Fitzroy Shire),0,0,0,0,0,0,0
Pinnacle (Mirani Shire),0,0,0,0,0,0,0
Pioneer (Mount Isa City),9,0,0,0,0,0,0
Pittsworth (Pittsworth Shire),5,0,0,0,0,0,0
Piturie (Boulia Shire),0,0,0,0,0,0,0
Placid Hills (Gatton Shire),4,0,0,0,0,0,0
Plainland (Laidley Shire),8,0,0,0,0,0,0
Pleystowe (Mackay City),0,0,0,0,0,0,0
Point Lookout (Redland Shire),0,0,0,0,0,0,0
Point Vernon (Hervey Bay City),14,0,3,0,4,0,0
Pomona (Noosa Shire),3,0,0,0,0,0,0
Poona (Maryborough City),0,0,0,0,0,0,3
Porcupine (Flinders Shire),0,0,0,0,0,0,0
Pormpuraaw (Pormpuraaw Shire),5,0,0,0,0,0,0
Port Curtis (Fitzroy Shire),0,0,0,0,0,0,0
Port Curtis (Rockhampton City),0,0,0,0,0,0,0
Port Douglas (Douglas Shire),8,0,0,0,0,0,0
Portsmith (Cairns City),0,0,0,0,0,0,0
Pozieres (Stanthorpe Shire),3,0,0,0,0,0,0
Prairie (Flinders Shire),0,0,0,0,0,0,0
Pratten (Warwick Shire),0,0,0,0,0,0,0
Prenzlau (Esk Shire),8,0,0,0,0,0,0
Preston (Cambooya Shire),0,0,0,0,0,0,0
Preston (Whitsunday Shire),3,0,0,0,0,0,0
Priestdale (Logan City),0,0,0,0,0,0,0
Prince Henry Heights (Toowoomba City),0,0,0,0,0,0,0
Prince Of Wales (Torres Shire),0,0,0,0,0,0,0
Proserpine (Whitsunday Shire),8,0,0,0,4,0,0
Prospect (Banana Shire),3,0,0,0,0,0,0
Proston (Wondai Shire),3,0,0,0,0,0,0
Pullenvale (Brisbane City),4,0,0,0,0,0,0
Purga (Ipswich City),0,0,0,0,0,0,0
Queenton (Charters Towers City),6,0,0,0,0,0,0
Quilpie (Quilpie Shire),6,0,0,0,0,0,0
Qunaba (Burnett Shire),0,0,0,0,0,0,0
Racecourse (Mackay City),0,0,0,0,0,0,0
Raglan (Calliope Shire),0,0,0,0,0,0,0
Rainbow Beach (Cooloola Shire),4,0,0,0,0,0,0
Rangeville (Toowoomba City),12,0,0,0,0,0,0
Rangewood (Thuringowa City),3,0,0,0,0,0,0
Rathdowney (Beaudesert Shire),3,0,0,0,0,0,0
Ravensbourne (Crows Nest Shire),3,0,0,0,0,0,0
Ravenshoe (Herberton Shire),6,0,0,0,0,0,0
Ravenswood (Dalrymple Shire),3,0,0,0,0,0,0
Rawbelle (Monto Shire),0,0,0,0,0,0,0
Red Hill (Chinchilla Shire),0,0,0,0,0,0,0
Redbank Plains (Ipswich City - Bal),0,0,0,0,0,0,0
Redland Bay (Redland Shire - Bal),3,0,0,0,0,0,0
Redlynch (Cairns City),20,0,0,0,0,0,0
Redwood (Toowoomba City),0,0,0,0,0,0,0
Reedy Creek (Gold Coast City - Bal),0,0,0,0,0,0,0
Reesville (Caloundra City),5,0,0,0,0,0,0
Regency Downs (Laidley Shire),10,0,0,0,0,0,0
Reids Creek (Gayndah Shire),0,0,0,0,0,0,0
Richmond Hill (Charters Towers City),8,0,0,0,0,0,0
Richmond (Mackay City),6,0,0,0,0,0,0
Richmond (Richmond Shire),8,0,0,0,0,0,0
Ridgelands (Fitzroy Shire),0,0,0,0,0,0,0
Ridgewood (Noosa Shire),3,0,0,0,0,0,0
Rita Island (Burdekin Shire),0,0,0,0,0,0,0
River Heads (Hervey Bay City),0,0,0,0,0,0,0
River Ranch (Calliope Shire),0,0,0,0,0,0,0
Riverleigh (Mundubbera Shire),0,0,0,0,0,0,0
Roadvale (Boonah Shire),0,0,0,0,3,0,0
Rochedale (Brisbane City),3,0,0,0,0,0,0
Rockhampton City (Rockhampton City),8,0,0,0,0,0,0
Rockingham (Cardwell Shire),0,0,0,0,0,0,0
Rocksberg (Caboolture Shire),0,0,0,0,0,0,0
Rockville (Toowoomba City),5,0,0,0,0,0,0
Rocky Point (Douglas Shire),0,0,0,0,0,0,0
Rocky Point (Weipa Town),0,0,0,0,0,0,0
Rockyview (Livingstone Shire),3,0,0,0,0,0,0
Rodds Bay (Miriam Vale Shire),0,0,0,0,0,0,0
Rolleston (Bauhinia Shire),3,0,0,0,0,0,0
Rollingstone (Thuringowa City),0,0,0,0,0,0,0
Roma (Roma Town),13,0,0,0,7,0,0
Rosalie Plains (Rosalie Shire),0,0,0,0,0,0,0
Rosedale (Miriam Vale Shire),3,0,0,0,0,0,0
Rosemount (Maroochy Shire),0,0,0,0,0,0,0
Rosenthal Heights (Warwick Shire),4,0,0,0,0,0,0
Rosevale (Boonah Shire),0,0,0,0,0,0,0
Rosewood (Ipswich City),5,0,0,0,0,0,0
Rosslyn (Livingstone Shire),0,0,0,0,0,0,0
Rossville (Cook Shire),0,0,0,0,0,0,0
Round Hill (Miriam Vale Shire),0,0,0,0,0,0,0
Rubyanna (Burnett Shire),0,0,0,0,0,0,0
Running Creek (Beaudesert Shire),0,0,0,0,0,0,0
Runnymede (Nanango Shire),3,0,0,0,0,0,0
Rural View (Mackay City),8,0,0,0,0,0,0
Rush Creek (Pine Rivers Shire),0,0,0,0,0,0,0
Russell Island (Redland Shire),0,0,0,0,0,0,0
Ryan (Mount Isa City),0,0,0,0,0,0,0
Sabine (Rosalie Shire),0,0,0,0,0,0,0
Saibai Island (Saibai Island),8,0,0,0,0,0,0
Samford Valley (Pine Rivers Shire),3,0,0,0,0,0,0
Samford Village (Pine Rivers Shire),4,0,0,0,0,0,0
Samsonvale (Pine Rivers Shire),0,0,0,0,0,0,0
Sandstone Point (Caboolture Shire),9,0,0,0,0,0,0
Sandy Camp (Clifton Shire),0,0,0,0,0,0,0
Sandy Creek (Kilcoy Shire),0,0,0,0,0,0,0
Sandy Ridges (Nanango Shire),0,0,0,0,0,0,0
Sarina Beach (Sarina Shire),6,0,0,0,0,0,0
Sarina (Sarina Shire),11,0,0,0,0,0,0
Saunders Beach (Thuringowa City),5,0,0,0,0,0,0
Scarness (Hervey Bay City),11,0,0,0,0,0,0
Seaforth (Mackay City),3,0,0,0,0,0,0
Seisia (Seisia Island),0,0,0,0,0,0,0
Selwyn (Cloncurry Shire),0,0,0,0,0,0,0
Septimus (Mirani Shire),0,0,0,0,0,0,0
Seventeen Seventy (Miriam Vale Shire),0,0,0,0,0,0,0
Seventy Mile (Dalrymple Shire),6,0,0,0,0,0,0
Sexton (Kilkivan Shire),3,0,0,0,0,0,0
Sharon (Burnett Shire),4,0,0,0,0,0,0
Sheep Station Creek (Kilcoy Shire),0,0,0,0,0,0,0
Shelburne (Cook Shire),0,0,0,0,0,0,0
Sheldon (Redland Shire),3,0,0,0,0,0,0
Shirbourne (Burdekin Shire),0,0,0,0,0,0,0
Shoal Point (Mackay City),0,0,0,0,0,0,3
Shoalwater (Livingstone Shire),0,0,0,0,0,0,0
Shute Harbour (Whitsunday Shire),0,0,0,0,0,0,0
Silkwood (Johnstone Shire),0,0,0,0,0,0,0
Silver Spur (Inglewood Shire),0,0,0,0,0,0,0
Sippy Downs (Maroochy Shire - Bal),0,0,0,0,0,0,0
Slade Point (Mackay City),15,0,0,0,0,0,0
Sladevale (Warwick Shire),3,0,0,0,0,0,0
Smithfield (Cairns City),8,0,0,0,0,0,3
Smithlea (Inglewood Shire),0,0,0,0,0,0,0
Smoky Creek (Banana Shire),4,0,0,0,0,0,0
Soldiers Hill (Mount Isa City),7,0,0,0,3,0,0
Somerset Dam (Esk Shire),0,0,0,0,0,0,0
South Bingera (Burnett Shire),4,0,0,0,0,0,0
South East Nanango (Nanango Shire),0,0,0,0,0,0,0
South Gladstone (Gladstone City),6,0,0,0,3,0,0
South Innisfail (Johnstone Shire),0,0,0,0,0,0,0
South Isis (Isis Shire),0,0,0,0,0,0,0
South Johnstone (Johnstone Shire),5,0,0,0,3,0,0
South Kolan (Burnett Shire),0,0,0,0,0,0,0
South Mackay (Mackay City),23,0,0,0,0,0,0
South Maclean (Beaudesert Shire),0,0,0,0,0,0,0
South Mission (Cardwell Shire),7,0,0,0,0,0,3
South Nanango (Nanango Shire),0,0,0,0,0,0,0
South Ripley (Ipswich City),0,0,0,0,0,0,0
South Stradbroke (Gold Coast City),0,0,0,0,0,0,0
South Toowoomba (Toowoomba City),14,0,0,0,0,0,0
South Trees (Gladstone City),0,0,0,0,0,0,0
South Wellesley Islands (Mornington Shir),0,0,0,0,0,0,0
Southbrook (Jondaryan Shire),0,0,0,0,0,0,0
Southbrook (Pittsworth Shire),0,0,0,0,0,0,0
Southern Cross (Dalrymple Shire),3,0,0,0,0,0,0
Southern Moreton Bay Islands (Gold Coast),0,0,0,0,0,0,0
Southside (Cooloola Shire),4,0,0,0,0,0,0
Southwood (Tara Shire),0,0,0,0,0,0,0
Speewah (Mareeba Shire),0,0,0,0,0,0,0
Spreadborough (Mount Isa City),0,0,0,0,0,0,0
Spring Creek (Clifton Shire),0,0,0,0,0,0,0
Springbrook (Gold Coast City),0,0,0,0,0,0,0
Springfield Lakes (Ipswich City),11,0,0,0,3,0,3
Springfield (Ipswich City - Bal),0,0,0,0,0,0,0
Springlands (Bowen Shire),6,0,0,0,0,0,0
Springsure (Bauhinia Shire),0,0,0,0,0,0,3
St George (Balonne Shire),12,0,0,0,0,0,0
St Helena Island (Brisbane City),0,0,0,0,0,0,0
St Helens Beach (Mackay City),0,0,0,0,0,0,0
St Helens (Maryborough City),0,0,0,0,0,0,0
St Helens (Pittsworth Shire),3,0,0,0,0,0,0
St Lawrence (Broadsound Shire),0,0,0,0,0,0,0
St Mary (Tiaro Shire),0,0,0,0,0,0,0
Stalworth (Wondai Shire),0,0,0,0,0,0,0
Stamford (Flinders Shire),0,0,0,0,0,0,0
Stanage (Livingstone Shire),0,0,0,0,0,0,0
Stanmore (Caboolture Shire),0,0,0,0,0,0,3
Stanthorpe (Stanthorpe Shire),8,0,0,0,0,0,0
Stanwell (Fitzroy Shire),3,0,0,0,0,0,0
Stapylton (Gold Coast City),0,0,0,0,0,0,0
Starcke (Cook Shire),0,0,0,0,0,0,0
Steiglitz (Gold Coast City),3,0,0,0,0,0,0
Stephens Island (Ugar Island),0,0,0,0,0,0,0
Stewart Creek Valley (Douglas Shire),0,0,0,0,0,0,0
Stockleigh (Beaudesert Shire),4,0,0,0,0,0,0
Stonehenge (Barcoo Shire),0,0,0,0,0,0,0
Stonehenge (Millmerran Shire),0,0,0,0,0,0,0
Stony Creek (Caboolture Shire),3,0,0,0,0,0,0
Stoters Hill (Johnstone Shire),0,0,0,0,3,0,0
Stratford (Cairns City),3,0,0,0,3,0,0
Strathdickie (Whitsunday Shire),0,0,0,0,0,0,0
Struck Oil (Mount Morgan Shire),0,0,0,0,0,0,0
Stuart (Townsville City - Bal),0,0,0,0,0,0,0
Sugarloaf (Stanthorpe Shire),0,0,0,0,0,0,0
Sugarloaf (Whitsunday Shire),0,0,0,0,0,0,0
Sun Valley (Gladstone City),5,0,0,0,0,0,0
Sundown (Johnstone Shire),0,0,0,0,0,0,0
Sunset (Mount Isa City),3,0,0,0,0,0,3
Sunshine Acres (Hervey Bay City),0,0,0,0,0,0,0
Surat (Warroo Shire),0,0,0,0,0,0,0
Svensson Heights (Bundaberg City),8,0,0,0,0,0,0
Taabinga (Kingaroy Shire),0,0,0,0,0,0,0
Tablelands (Murgon Shire),0,0,0,0,0,0,0
Takura (Hervey Bay City),0,0,0,0,0,0,0
Tallai (Gold Coast City - Bal),0,0,0,0,0,0,0
Tallebudgera Valley (Gold Coast City - Bal),3,0,0,0,0,0,0
Tallebudgera (Gold Coast City - Bal),0,0,0,0,0,0,3
Tallegalla (Ipswich City),0,0,0,0,0,0,0
Tamaree (Cooloola Shire),3,0,0,0,0,0,0
Tambo (Tambo Shire),3,0,0,0,0,0,0
Tamborine Mountain (Beaudesert Shire),14,0,0,0,0,0,3
Tamborine (Beaudesert Shire),10,0,0,0,3,0,0
Tamrookum (Beaudesert Shire),0,0,0,0,0,0,0
Tanawha (Maroochy Shire - Bal),3,0,0,0,0,0,0
Tangorin (Flinders Shire),0,0,0,0,0,0,0
Tannum Sands (Calliope Shire),10,0,0,0,0,0,0
Tansey (Kilkivan Shire),0,0,0,0,0,0,0
Tara (Tara Shire),6,0,0,0,0,0,0
Taranganba (Livingstone Shire),3,0,0,0,0,0,0
Tarawera (Waggamba Shire),0,0,0,0,0,0,0
Tarome (Boonah Shire),3,0,3,0,0,0,0
Taroom (Taroom Shire),0,0,0,0,0,0,0
Tarzali (Eacham Shire),7,0,0,0,0,0,0
Taylors Beach (Hinchinbrook Shire),0,0,0,0,0,0,0
Te Kowai (Mackay City),3,0,0,0,0,0,0
Telina (Gladstone City),5,0,0,0,0,0,0
Texas (Inglewood Shire),0,0,0,0,0,0,0
Thabeban (Bundaberg City),6,0,0,0,3,0,0
Thagoona (Ipswich City),4,0,0,0,0,0,0
Thallon (Balonne Shire),0,0,0,0,0,0,0
Thangool (Banana Shire),0,0,0,0,0,0,0
Thargomindah (Bulloo Shire),0,0,0,0,0,0,0
The Cape (Dalrymple Shire),0,0,0,0,0,0,0
The Caves (Livingstone Shire),3,0,0,0,0,0,0
The Dawn (Cooloola Shire),3,0,0,0,0,0,0
The Falls (Warwick Shire),0,0,0,0,0,0,0
The Gap (Mount Isa City),3,0,0,0,0,0,0
The Gemfields (Emerald Shire),6,0,0,0,0,0,0
The Gums (Tara Shire),0,0,0,0,0,0,0
The Keppels (Livingstone Shire),0,0,0,0,0,0,0
The Leap (Mackay City),0,0,0,0,0,0,0
The Palms (Cooloola Shire),0,0,0,0,0,0,0
The Percy Group (Broadsound Shire),0,0,0,0,0,0,0
The Pines (Millmerran Shire),0,0,0,0,0,0,0
The Range (Rockhampton City),16,0,0,0,0,0,0
The Summit (Stanthorpe Shire),0,0,0,0,0,0,0
The Three Sisters (Warraber Island),0,0,0,0,0,0,0
Theodore (Banana Shire),3,0,0,0,0,0,0
Thornborough (Mareeba Shire),0,0,0,0,0,0,0
Thorndale (Stanthorpe Shire),3,0,0,0,0,0,0
Thornlands (Redland Shire - Bal),0,0,0,0,0,0,0
Thornton (Laidley Shire),3,0,0,0,0,0,0
Three Moon (Monto Shire),0,0,0,0,0,0,0
Three Rivers (Cloncurry Shire),0,0,0,0,0,0,0
Thulimbah (Stanthorpe Shire),3,0,0,0,0,0,0
Thursday Island (Torres Shire),10,0,0,0,0,0,0
Tiaro (Tiaro Shire),7,0,0,0,0,0,0
Tieri (Peak Downs Shire),4,0,0,3,0,0,0
Tin Can Bay (Cooloola Shire),9,0,0,0,0,0,0
Tin Can Bay (Tiaro Shire),0,0,0,0,0,0,0
Tinana South (Woocoo Shire),4,0,0,0,0,0,0
Tinana (Maryborough City),7,0,0,0,0,0,0
Tinaroo (Atherton Shire),3,0,0,0,0,0,0
Tinbeerwah (Noosa Shire),3,0,0,0,0,0,0
Tingoora (Wondai Shire),4,0,0,0,0,0,0
Tingun (Bungil Shire),0,0,0,0,0,0,0
Tinnanbar (Tiaro Shire),0,0,0,0,0,0,0
Tirroan (Kolan Shire),0,0,0,0,0,0,0
Tolga (Atherton Shire),0,0,0,0,0,0,0
Toobanna (Hinchinbrook Shire),0,0,0,0,0,0,0
Toobeah (Waggamba Shire),0,0,0,0,0,0,0
Toogoolawah (Esk Shire),0,0,0,0,0,0,0
Toogoom (Hervey Bay City),8,0,0,0,0,0,0
Toolakea (Thuringowa City),0,0,0,0,0,0,0
Toolooa (Gladstone City),6,0,0,0,0,0,0
Toomulla (Thuringowa City),0,0,0,0,0,0,0
Toorbul (Caboolture Shire),3,0,0,0,0,0,0
Toowoomba City (Toowoomba City),9,0,0,0,0,0,0
Top Camp (Cambooya Shire),4,0,0,0,0,0,0
Topaz (Eacham Shire),0,0,0,0,0,0,0
Torbanlea (Hervey Bay City),0,0,0,0,0,0,0
Torquay (Hervey Bay City),18,0,0,0,0,0,0
Torrens Creek (Flinders Shire),0,0,0,0,0,0,0
Torres Strait (Torres Shire),0,0,0,0,0,0,0
Torrington (Jondaryan Shire),3,0,0,0,0,0,0
Towen Mountain (Maroochy Shire),0,0,0,0,0,0,0
Town Common (Townsville City),0,0,0,0,0,0,0
Townview (Mount Isa City),6,0,0,0,0,0,0
Traveston (Cooloola Shire),6,0,0,0,0,0,0
Trebonne (Hinchinbrook Shire),0,0,3,0,0,0,0
Trinity Beach (Cairns City),7,0,0,0,0,0,3
Trinity Park (Cairns City),0,0,0,0,0,0,0
Trunding (Weipa Town),6,0,0,0,0,0,0
Tuckerang (Wambo Shire),3,0,0,0,0,0,0
Tully Heads (Cardwell Shire),0,0,0,0,0,0,0
Tully (Cardwell Shire),15,0,0,0,0,0,0
Tummaville (Millmerran Shire),0,0,0,0,0,0,0
Turallin (Millmerran Shire),3,0,0,0,0,0,0
Turkey Beach (Miriam Vale Shire),0,0,0,0,0,0,0
Tyrconnel (Booringa Shire),3,0,0,0,0,0,3
Umagico (Umagico Shire),0,0,0,0,0,0,0
Umbiram (Jondaryan Shire),0,0,0,0,0,0,0
Undullah (Beaudesert Shire),0,0,0,0,0,0,0
Upper Barron (Atherton Shire),0,0,0,0,0,0,0
Upper Barron (Eacham Shire),0,0,4,0,0,0,0
Upper Brookfield (Brisbane City),0,0,0,0,0,0,0
Upper Caboolture (Caboolture Shire - Bal),0,0,0,0,3,0,0
Upper Coomera (Gold Coast City - Bal),12,0,0,0,6,0,0
Upper Cornish Creek (Aramac Shire),0,0,0,0,0,0,0
Upper Flagstone (Gatton Shire),0,0,0,0,0,0,0
Upper Kedron (Brisbane City - Bal),0,0,0,0,0,0,0
Upper Lockyer (Gatton Shire),0,0,0,0,0,0,0
Upper Stone (Hinchinbrook Shire),0,0,0,0,0,0,0
Upper Tenthill (Gatton Shire),0,0,0,0,0,0,0
Urangan (Hervey Bay City),14,0,0,0,0,0,0
Urraween (Hervey Bay City),13,0,0,0,0,0,0
Utchee Creek (Johnstone Shire),3,0,0,0,0,0,0
Vale View (Cambooya Shire),3,0,0,0,0,0,0
Valentine Plains (Banana Shire),0,0,0,0,0,0,0
Valkyrie (Broadsound Shire),0,0,0,0,0,0,0
Veresdale Scrub (Beaudesert Shire),4,0,0,0,0,0,0
Veresdale (Beaudesert Shire),0,0,0,0,0,0,0
Vergemont (Longreach Shire),0,0,0,0,0,0,0
Vernor (Esk Shire),0,0,0,0,0,0,0
Veteran (Cooloola Shire),0,0,0,0,0,0,0
Victoria Plains (Mackay City),0,0,0,0,0,0,0
Victoria Plantation (Hinchinbrook Shire),0,0,0,0,0,0,0
Victory Heights (Cooloola Shire),0,0,0,0,0,0,0
Walkamin (Atherton Shire),3,0,0,0,0,0,0
Walkerston (Mackay City),9,0,0,0,0,0,0
Walkervale (Bundaberg City),16,0,0,0,0,0,0
Wallangarra (Stanthorpe Shire),3,0,0,0,0,0,0
Wallaville (Kolan Shire),0,0,0,0,0,0,0
Walligan (Hervey Bay City),0,0,0,0,0,0,0
Walloon (Ipswich City - Bal),0,0,0,0,0,0,0
Wallumbilla North (Bendemere Shire),3,0,0,0,0,0,0
Wallumbilla South (Bendemere Shire),0,0,0,0,0,0,0
Wallumbilla (Bendemere Shire),4,0,0,0,0,0,0
Walterhall (Mount Morgan Shire),0,0,0,0,0,0,0
Wamuran Basin (Caboolture Shire),0,0,0,0,0,0,0
Wamuran (Caboolture Shire),5,0,0,0,0,0,0
Wandal (Rockhampton City),11,0,0,0,0,0,0
Wandoan (Taroom Shire),4,0,0,0,0,0,0
Wangan (Johnstone Shire),3,0,0,0,3,0,0
Warenda (Boulia Shire),0,0,0,0,0,0,0
Warra (Wambo Shire),0,0,0,0,0,0,0
Warrill View (Boonah Shire),0,0,0,0,0,0,0
Warwick (Warwick Shire),33,0,0,0,3,0,0
Waterloo (Burnett Shire),0,0,0,0,0,0,0
Wattle Camp (Nanango Shire),0,0,0,0,0,0,0
Webb (Johnstone Shire),0,0,0,0,0,0,0
Weengallon (Waggamba Shire),0,0,0,0,0,0,0
Weipa Airport (Weipa Town),0,0,0,0,0,0,0
Welcome Creek (Burnett Shire),3,0,0,0,0,0,0
Wellesley Islands (Mornington Shire),0,0,0,0,0,0,0
Wellesley (Warroo Shire),0,0,0,0,0,0,0
Wenlock (Cook Shire),3,0,0,0,0,0,0
Weranga (Tara Shire),0,0,0,0,0,0,0
West Gladstone (Gladstone City),17,0,0,0,0,0,0
West Mackay (Mackay City),15,0,0,0,6,0,0
West Point (Townsville City),0,0,0,0,0,0,0
West Rockhampton (Rockhampton City),5,0,0,0,0,0,0
West Stowe (Calliope Shire),4,0,0,0,0,0,0
West Woombye (Maroochy Shire),0,0,0,0,0,0,0
Westbrook (Jondaryan Shire),3,0,0,0,0,0,3
Westcourt (Cairns City),10,0,0,0,3,0,0
Westwood (Fitzroy Shire),0,0,0,0,0,0,0
Weyba Downs (Maroochy Shire),0,0,0,0,0,0,0
White Patch (Caboolture Shire),0,0,0,0,0,0,0
White Rock (Cairns City),18,0,0,0,0,0,0
Whiteside (Pine Rivers Shire),3,0,0,0,0,0,0
Whitfield (Cairns City),6,0,0,0,0,0,0
Whitsundays (Whitsunday Shire),0,0,0,0,0,0,0
Widgee (Kilkivan Shire),4,0,0,0,0,0,0
Widgeegoara (Paroo Shire),0,0,0,0,0,0,0
Wieambilla (Chinchilla Shire),0,0,0,0,0,0,0
Wights Mountain (Pine Rivers Shire),0,0,0,0,0,0,0
Willow Vale (Gold Coast City),0,0,0,0,0,0,0
Willowbank (Ipswich City),3,0,0,0,0,0,0
Willows (Emerald Shire),0,0,0,0,0,0,0
Wilsonton (Toowoomba City),22,0,0,0,3,0,0
Windera (Murgon Shire),0,0,0,0,0,0,0
Windermere (Burnett Shire),3,0,0,0,0,0,0
Windorah (Barcoo Shire),0,0,0,0,0,0,0
Winfield (Burnett Shire),0,0,0,0,0,0,0
Winston (Mount Isa City),4,0,0,0,0,0,0
Winton (Winton Shire),7,0,0,0,0,0,0
Winwill (Gatton Shire),3,0,0,0,0,0,3
Withcott (Gatton Shire),9,0,0,0,0,0,0
Witheren (Beaudesert Shire),3,0,0,0,0,0,0
Witta (Caloundra City),3,0,0,0,0,0,0
Wivenhoe Pocket (Esk Shire),0,0,0,0,0,0,0
Wolffdene (Gold Coast City),0,0,0,0,0,0,0
Wolvi (Cooloola Shire),4,0,3,0,0,0,0
Womblebank (Booringa Shire),0,0,0,0,0,0,0
Wonbah (Kolan Shire),3,0,0,0,0,0,0
Wondai (Wondai Shire),0,0,0,0,0,0,0
Wondecla (Herberton Shire),5,0,3,0,0,0,0
Wondunna (Hervey Bay City),0,0,0,0,0,0,0
Wonga (Douglas Shire),3,0,0,0,0,0,0
Wongaling Beach (Cardwell Shire),3,0,0,0,0,0,0
Wongawallan (Gold Coast City),3,0,0,0,0,0,0
Wonglepong (Beaudesert Shire),4,0,0,0,0,0,0
Woodbury (Livingstone Shire),3,0,0,0,0,0,0
Woodford (Caboolture Shire),4,0,0,0,0,0,3
Woodgate (Isis Shire),3,0,0,0,0,0,0
Woodmillar (Gayndah Shire),0,0,0,0,0,0,0
Woodstock (Townsville City),0,0,0,0,0,0,0
Woodwark (Whitsunday Shire),0,0,0,0,0,0,0
Woolooga (Kilkivan Shire),0,0,0,0,0,0,0
Woombye (Maroochy Shire),3,0,0,0,0,0,0
Woongarra (Burnett Shire),3,0,3,0,0,0,0
Woongoolba (Gold Coast City),0,0,0,0,0,0,0
Woopen Creek (Cairns City),3,0,0,0,0,0,0
Woorabinda (Woorabinda Shire),7,0,0,0,0,0,0
Woorim (Caboolture Shire),4,0,0,0,0,0,0
Wooroolin (Kingaroy Shire),0,0,0,0,0,0,0
Wooroonooran (Cairns City),0,0,0,0,0,0,0
Woree (Cairns City),13,0,0,0,0,0,0
Worongary (Gold Coast City - Bal),0,0,0,0,0,0,0
Wowan (Banana Shire),3,0,0,0,0,0,0
Wujal Wujal (Wujal Wujal Shire),0,0,0,0,0,0,0
Wulkuraka (Ipswich City),3,0,0,0,0,0,0
Wurdong Heights (Calliope Shire),0,0,0,0,0,0,0
Wurtulla (Caloundra City - Bal),0,0,0,0,0,0,0
Wyandra (Paroo Shire),0,0,0,0,0,0,0
Wycombe (Warroo Shire),0,0,0,0,0,0,0
Wyreema (Cambooya Shire),0,0,0,0,0,0,0
Wyreema (Jondaryan Shire),0,0,0,0,0,0,0
Yabulu (Thuringowa City),4,0,0,0,0,0,0
Yalboroo (Mackay City),3,0,0,0,0,0,0
Yam Island (Iama Island),0,0,0,0,0,0,0
Yandarlo (Tambo Shire),0,0,0,0,0,0,0
Yandina Creek (Maroochy Shire),4,0,0,0,0,0,0
Yandina (Maroochy Shire),4,0,0,0,0,0,0
Yangan (Warwick Shire),0,0,0,0,0,0,0
Yarrabah (Yarrabah Shire),5,0,0,0,0,0,0
Yarraden (Cook Shire),4,0,0,0,0,0,0
Yarraman (Rosalie Shire),7,0,0,0,0,0,0
Yarwun (Calliope Shire),0,0,0,0,0,0,0
Yelarbon (Waggamba Shire),0,0,0,0,0,0,0
Yeppoon (Livingstone Shire),11,0,0,0,0,0,0
Yorkeys Knob (Cairns City),10,0,0,0,0,0,0
Yowah (Paroo Shire),0,0,0,0,0,0,0
Yugar (Pine Rivers Shire),0,0,0,0,0,0,0
Yuleba (Bendemere Shire),0,0,0,0,0,0,0
Yungaburra (Eacham Shire),0,0,0,0,0,0,0
Zilzie (Livingstone Shire),4,0,0,0,0,0,0
No Usual Address,45,0,0,0,0,0,0
Unclassified Qld,0,0,0,0,0,0,0
